Date,Open,High,Low,Close,Adj Close,Volume,Day
2018-02-13,11.769167,12.216667,11.6975,12.125,12.037495,54027600,0
2018-02-14,11.943333,12.885,11.930833,12.835,12.74237,84057600,1
2018-02-15,13.166667,13.523333,12.765,13.505833,13.408362,95187600,2
2018-02-16,13.4075,13.789167,13.279167,13.355,13.258617,85276800,3
2018-02-20,13.201667,13.77,13.189167,13.421667,13.324803,72934800,4
2018-02-21,13.614167,14.0175,13.291667,13.300833,13.204842,88738800,5
2018-02-22,13.494167,13.695833,13.201667,13.303333,13.207325,83301600,6
2018-02-23,13.605,14.105,13.461667,14.095833,13.994104,71384400,7
2018-02-26,14.3175,14.668333,14.286667,14.661667,14.555855,66975600,8
2018-02-27,14.6875,14.765833,14.118333,14.136667,14.034644,86654400,9
2018-02-28,14.3725,14.5125,13.838333,13.8525,13.752528,76507200,10
2018-03-01,13.883333,14.068333,12.806667,13.185833,13.090672,125958000,11
2018-03-02,12.723333,13.611667,12.565,13.548333,13.450556,96699600,12
2018-03-05,13.3575,14.093333,13.196667,13.973333,13.872489,74440800,13
2018-03-06,14.181667,14.3075,13.9,14.15,14.04788,71030400,14
2018-03-07,13.840833,14.291667,13.768333,14.255833,14.152949,66882000,15
2018-03-08,14.415,14.518333,14.259167,14.468333,14.363917,57584400,16
2018-03-09,14.796667,15.310833,14.731667,15.310833,15.200336,73674000,17
2018-03-12,15.458333,15.680833,15.361667,15.54,15.427849,66339600,18
2018-03-13,15.458333,15.680833,14.821667,14.975833,14.867753,91146000,19
2018-03-14,15.165,15.210833,14.733333,14.925,14.817287,66811200,20
2018-03-15,14.97,15.150833,14.72,14.858333,14.751102,55448400,21
2018-03-16,14.943333,15.056667,14.733333,14.76,14.653479,39134400,22
2018-03-19,14.374167,14.374167,13.4225,13.833333,13.733499,97116000,23
2018-03-20,13.836667,14.033333,13.680833,13.935,13.834433,46096800,24
2018-03-21,13.833333,14.216667,13.561667,13.733333,13.63422,66248400,25
2018-03-22,13.2,13.466667,12.683333,12.73,12.638128,102939600,26
2018-03-23,12.683333,12.791667,11.701667,11.701667,11.617217,108799200,27
2018-03-26,12.416667,13.07,11.865,13.018333,12.924381,91752000,28
2018-03-27,13.324167,13.324167,11.430833,11.77,11.685057,136807200,29
2018-03-28,11.564167,11.901667,11.083333,11.364167,11.282153,121144800,30
2018-03-29,11.536667,12.308333,11.210833,11.993333,11.906777,98536800,31
2018-04-02,11.71,11.875,10.564167,10.928333,10.849464,122476800,32
2018-04-03,11.229167,11.433333,10.699167,11.295,11.213485,110902800,33
2018-04-04,10.635833,11.931667,10.6,11.829167,11.743797,108364800,34
2018-04-05,12.181667,12.229167,11.763333,12.015,11.928288,91677600,35
2018-04-06,11.640833,11.985,10.951667,11.118333,11.038093,116145600,36
2018-04-09,11.411667,12.021667,11.295833,11.340833,11.258987,87945600,37
2018-04-10,11.870833,12.2125,11.636667,12.09,12.002748,97437600,38
2018-04-11,11.883333,12.280833,11.850833,11.886667,11.800882,71720400,39
2018-04-12,12.125,12.4375,12.0825,12.303333,12.214541,71383200,40
2018-04-13,12.500833,12.553333,11.971667,12.120833,12.033359,71242800,41
2018-04-16,12.368333,12.5325,12.148333,12.388333,12.298927,59149200,42
2018-04-17,12.76,13.276667,12.695833,13.180833,13.085708,62073600,43
2018-04-18,13.2,13.4125,13.008333,13.2725,13.176713,59044800,44
2018-04-19,13.080833,13.165,12.770833,12.911667,12.818484,64509600,45
2018-04-20,12.8125,12.833333,12.158333,12.2925,12.203786,70406400,46
2018-04-23,12.463333,12.61,12,12.195833,12.107818,61666800,47
2018-04-24,12.356667,12.424167,11.18,11.418333,11.335928,106509600,48
2018-04-25,11.473333,11.6,10.99,11.463333,11.380603,105408000,49
2018-04-26,11.899167,12.291667,11.785,12.174167,12.086308,70996800,50
2018-04-27,12.706667,12.720833,11.993333,12.2025,12.114435,82429200,51
2018-04-30,12.284167,12.508333,11.844167,11.9425,11.856312,80562000,52
2018-05-01,11.838333,12.346667,11.760833,12.330833,12.241843,58489200,53
2018-05-02,12.4125,12.520833,12.083333,12.115833,12.028395,71826000,54
2018-05-03,11.954167,12.249167,11.5375,12.116667,12.029222,98036400,55
2018-05-04,11.963333,12.8875,11.931667,12.798333,12.705969,92966400,56
2018-05-07,12.988333,13.244167,12.948333,13.1025,13.00794,69531600,57
2018-05-08,13.0325,13.161667,12.7925,13.059167,12.964921,63357600,58
2018-05-09,13.15,13.529167,13.008333,13.496667,13.399263,57498000,59
2018-05-10,13.625,13.945,13.595,13.916667,13.816232,59503200,60
2018-05-11,13.845833,13.968333,13.691667,13.875,13.774865,59848800,61
2018-05-14,13.9625,14.2075,13.875,13.936667,13.836087,54591600,62
2018-05-15,13.605,13.628333,13.261667,13.485833,13.388507,87260400,63
2018-05-16,13.516667,13.833333,13.513333,13.734167,13.63505,44856000,64
2018-05-17,13.594167,13.890833,13.3775,13.579167,13.481167,51609600,65
2018-05-18,13.424167,13.558333,13.306667,13.361667,13.265236,42733200,66
2018-05-21,13.668333,13.8525,13.416667,13.595,13.496886,58446000,67
2018-05-22,13.769167,13.841667,13.465,13.524167,13.426564,48471600,68
2018-05-23,13.225,13.8725,13.211667,13.864167,13.76411,61522800,69
2018-05-24,13.86,13.9275,13.435,13.8525,13.752528,35555200,70
2018-05-25,13.8575,14.04,13.7675,13.8875,13.787275,31540800,71
2018-05-29,13.6975,13.945,13.4575,13.71,13.611056,47225600,72
2018-05-30,13.85,14.07,13.7625,14.0025,13.901444,35403200,73
2018-05-31,13.9825,14.245,13.86,13.9725,13.87166,40528400,74
2018-06-01,14.1625,14.645,14.1625,14.6225,14.516971,38585600,75
2018-06-04,14.725,15.025,14.705,14.9975,14.889265,32024800,76
2018-06-05,15.1175,15.2275,14.9525,15.1525,15.043145,27950000,77
2018-06-06,15.2,15.415,14.97,15.4025,15.291342,28814000,78
2018-06-07,15.4225,15.43,14.8075,15.045,14.936421,39226000,79
2018-06-08,14.8075,15.1,14.7075,15.035,14.926494,24660400,80
2018-06-11,14.9975,15.265,14.99,15.1525,15.043145,20418000,81
2018-06-12,15.215,15.4325,15.1675,15.3925,15.281413,23924000,82
2018-06-13,15.45,15.7325,15.285,15.375,15.264039,36123600,83
2018-06-14,15.595,15.915,15.5525,15.8425,15.728167,45226400,84
2018-06-15,15.66,15.7725,15.45,15.685,15.571803,38844800,85
2018-06-18,15.375,15.6875,15.23,15.65,15.537055,34363200,86
2018-06-19,15.0475,15.515,14.905,15.51,15.398066,53816800,87
2018-06-20,15.715,16.032499,15.6825,15.835,15.72072,39822400,88
2018-06-21,15.945,15.9975,15.3325,15.425,15.31368,51140400,89
2018-06-22,15.58,15.595,15.1525,15.27,15.1598,31113600,90
2018-06-25,14.905,14.9675,13.8725,14.295,14.191834,85653200,91
2018-06-26,14.4325,14.695,14.275,14.4525,14.348198,47082800,92
2018-06-27,14.635,14.83,13.83,13.8725,13.772383,65919200,93
2018-06-28,13.805,14.3525,13.7175,14.2125,14.109929,55650000,94
2018-06-29,14.4175,14.64,14.265,14.2775,14.17446,39268000,95
2018-07-02,13.915,14.615,13.82,14.5975,14.492151,41648400,96
2018-07-03,14.755,14.77,14.0575,14.095,13.993279,28212800,97
2018-07-05,14.3725,14.6475,14.1475,14.6125,14.507043,32811200,98
2018-07-06,14.7025,15.3225,14.63,15.27,15.1598,37506000,99
2018-07-09,15.52,15.7125,15.3475,15.695,15.58173,36188800,100
2018-07-10,15.7625,15.8375,15.57,15.7325,15.618959,33392000,101
2018-07-11,15.375,15.665,15.3225,15.5025,15.39062,39914800,102
2018-07-12,15.6925,16.280001,15.66,16.2675,16.150099,40676000,103
2018-07-13,16.27,16.407499,16.147499,16.315001,16.197256,33938000,104
2018-07-16,16.327499,16.415001,16.120001,16.205,16.088049,27780000,105
2018-07-17,15.7,16.6,15.695,16.504999,16.385885,37796800,106
2018-07-18,16.5,16.547501,16.25,16.4,16.281643,23268800,107
2018-07-19,16.24,16.389999,16.094999,16.157499,16.040892,38437200,108
2018-07-20,16.290001,16.4575,16.0825,16.135,16.018555,28698000,109
2018-07-23,15.9925,16.307501,15.8,16.275,16.157543,31513600,110
2018-07-24,16.7875,16.9625,16.2875,16.4825,16.363548,47533200,111
2018-07-25,16.504999,17.202499,16.4925,17.17,17.046085,38620800,112
2018-07-26,16.48,16.635,16.327499,16.42,16.301498,55944000,113
2018-07-27,16.709999,16.725,15.445,15.735,15.621443,59049200,114
2018-07-30,15.7375,15.7525,14.83,15.0575,14.948832,50402800,115
2018-07-31,15.2175,15.5725,14.9775,15.3575,15.246667,47856000,116
2018-08-01,15.5,15.7075,15.31,15.5675,15.455151,34650800,117
2018-08-02,15.225,16.25,15.21,16.1875,16.070677,46121200,118
2018-08-03,16.272499,16.3475,16.075001,16.3325,16.214632,36066800,119
2018-08-06,16.3125,16.6425,16.247499,16.6325,16.512465,34034000,120
2018-08-07,16.762501,16.9,16.6625,16.795,16.673792,35985200,121
2018-08-08,16.74,16.9625,16.6,16.84,16.718466,31717200,122
2018-08-09,16.825001,17.025,16.754999,16.825001,16.703575,27265200,123
2018-08-10,16.49,16.637501,16.254999,16.432501,16.31391,42813200,124
2018-08-13,16.522499,16.842501,16.362499,16.385,16.266752,46337200,125
2018-08-14,16.565001,16.747499,16.307501,16.6875,16.567068,30363600,126
2018-08-15,16.309999,16.450001,15.77,16.08,15.963951,57928800,127
2018-08-16,16.434999,16.5375,16.1325,16.227501,16.110388,32571200,128
2018-08-17,16.0975,16.355,15.8025,16.225,16.107906,35131200,129
2018-08-20,16.342501,16.3575,16,16.192499,16.07564,33730800,130
2018-08-21,16.334999,16.655001,16.3025,16.360001,16.241932,33534800,131
2018-08-22,16.25,16.605,16.1975,16.549999,16.430557,31656800,132
2018-08-23,16.467501,16.815001,16.3925,16.467501,16.348656,35566800,133
2018-08-24,16.6425,16.967501,16.625,16.924999,16.802853,31978400,134
2018-08-27,17.1975,17.4375,17.105,17.434999,17.309174,36425600,135
2018-08-28,17.58,17.6425,17.41,17.512501,17.386114,32612400,136
2018-08-29,17.602501,18.15,17.5875,18.125,17.994194,32867600,137
2018-08-30,18.014999,18.34,17.8375,18.022499,17.892431,43931600,138
2018-08-31,17.955,18.237499,17.8925,18.075001,17.944555,31590000,139
2018-09-04,17.9175,18.0075,17.557501,17.860001,17.731106,40104800,140
2018-09-05,17.75,17.7575,16.98,17.15,17.02623,53864800,141
2018-09-06,17.18,17.2325,16.344999,16.682501,16.562105,57752400,142
2018-09-07,16.34,16.922501,16.305,16.5175,16.398294,38504800,143
2018-09-10,16.772499,16.805,16.3825,16.6625,16.542248,27724400,144
2018-09-11,16.442499,17.120001,16.325001,17.032499,16.909576,35261200,145
2018-09-12,16.9625,16.997499,16.4475,16.885,16.763144,44130800,146
2018-09-13,17.174999,17.504999,17.1675,17.385,17.259533,37338000,147
2018-09-14,17.4475,17.535,17.0525,17.252501,17.127991,38344000,148
2018-09-17,17.155001,17.2075,16.465,16.525,16.405741,36411600,149
2018-09-18,16.559999,17.1625,16.535,16.9175,16.795408,36379200,150
2018-09-19,16.924999,17.045,16.547501,16.879999,16.758179,29481200,151
2018-09-20,17.205,17.495001,17.09,17.41,17.284353,31341600,152
2018-09-21,17.565001,17.645,17.077499,17.1325,17.008856,30140800,153
2018-09-24,16.7775,17.297501,16.559999,17.280001,17.155291,26437600,154
2018-09-25,17.247499,17.3825,17.077499,17.35,17.224787,21629600,155
2018-09-26,17.365,17.8675,17.2775,17.3325,17.207413,35460000,156
2018-09-27,17.59,17.995001,17.557501,17.8125,17.683947,29262800,157
2018-09-28,17.66,17.9375,17.57,17.785,17.656647,30928800,158
2018-10-01,18.125,18.2925,17.77,17.887501,17.758408,34116000,159
2018-10-02,17.84,18.190001,17.66,17.785,17.656647,32393600,160
2018-10-03,18.002501,18.125,17.7575,17.8375,17.708767,33284800,161
2018-10-04,17.625,17.645,16.424999,16.82,16.69861,75444800,162
2018-10-05,16.799999,16.9575,15.705,16.1875,16.070677,66462000,163
2018-10-08,15.96,16.3125,15.31,15.8975,15.782769,59676800,164
2018-10-09,15.9175,16.4,15.7975,16.02,15.904387,52144800,165
2018-10-10,15.7475,15.765,13.86,13.9425,13.841879,121428000,166
2018-10-11,13.7525,14.3125,12.9575,13.3775,13.280954,111216000,167
2018-10-12,14.445,14.63,13.7,14.5075,14.402801,84244000,168
2018-10-15,14.365,14.4275,13.8125,13.96,13.859252,79867600,169
2018-10-16,14.41,15.2925,14.3375,15.1625,15.053074,62233200,170
2018-10-17,15.42,15.445,14.7375,15.2125,15.102714,65060400,171
2018-10-18,15.015,15.0325,13.9525,14.1575,14.055326,78174400,172
2018-10-19,14.4475,14.8475,13.9475,14.1,13.998241,67418400,173
2018-10-22,14.3525,14.645,13.9925,14.3125,14.209208,57463200,174
2018-10-23,13.5475,14.37,13.0575,14.155,14.052844,88390800,175
2018-10-24,14.1025,14.175,12.17,12.23,12.141737,102421200,176
2018-10-25,12.7725,13.6925,12.6075,13.485,13.387679,76036800,177
2018-10-26,12.1,13.2075,11.87,12.4375,12.347739,122380800,178
2018-10-29,12.995,13.15,10.96,11.7725,11.687538,108980800,179
2018-10-30,11.56,12.2625,11.3925,12.2275,12.139256,92432800,180
2018-10-31,12.8125,13.415,12.8125,13.0525,12.958301,90078800,181
2018-11-01,13.1675,13.655,12.86,13.6225,13.524188,63033200,182
2018-11-02,13.4875,13.7325,12.7,13.0125,12.91859,87178800,183
2018-11-05,13.02,13.035,12.44,12.885,12.792011,51300400,184
2018-11-06,12.8525,13.3825,12.8175,13.1575,13.062544,55730800,185
2018-11-07,13.6275,14.39,13.5425,14.3675,14.263811,69276000,186
2018-11-08,14.1975,14.33,13.915,14.1225,14.020579,58762400,187
2018-11-09,13.73,13.82,13.0725,13.405,13.308257,68369600,188
2018-11-12,13.125,13.1975,12.1475,12.2275,12.139256,77183600,189
2018-11-13,12.3675,12.875,12.11,12.2225,12.134292,77227200,190
2018-11-14,12.57,12.705,11.72,11.9125,11.826529,78062000,191
2018-11-15,11.8475,12.6525,11.5525,12.55,12.459427,84908400,192
2018-11-16,12.19,12.6,12.03,12.4125,12.32292,67162400,193
2018-11-19,12.23,12.2875,11.1,11.2225,11.141507,93246000,194
2018-11-20,10.43,11.06,10.175,10.6,10.523499,101495600,195
2018-11-21,11.0075,11.155,10.78,10.8375,10.759285,57557600,196
2018-11-23,10.57,10.93,10.5625,10.5975,10.521018,28440000,197
2018-11-26,11.045,11.345,10.905,11.325,11.243269,59982400,198
2018-11-27,11.155,11.53,10.9725,11.4425,11.359921,60081600,199
2018-11-28,11.7,12.54,11.5,12.5275,12.437091,97532400,200
2018-11-29,12.38,12.6675,12.12,12.4125,12.32292,64522400,201
2018-11-30,12.46,12.71,12.2825,12.6725,12.581044,58317600,202
2018-12-03,13.52,13.575,13.0625,13.3225,13.226354,74671600,203
2018-12-04,13.1375,13.2475,11.7675,11.8575,11.771926,105048000,204
2018-12-06,11.1025,12.055,10.9575,12.03,11.94318,98078000,205
2018-12-07,11.9,12.105,10.75,10.8525,10.774179,111493600,206
2018-12-10,10.79,11.34,10.455,11.1925,11.111725,88234400,207
2018-12-11,11.7325,11.75,11.0225,11.3125,11.230858,86081600,208
2018-12-12,11.805,12.1325,11.5925,11.5975,11.513802,84725600,209
2018-12-13,11.825,11.9725,11.38,11.6,11.516284,82362400,210
2018-12-14,11.2225,11.3325,10.6775,10.725,10.647599,78088800,211
2018-12-17,10.6175,10.8725,9.7725,10.0325,9.960097,100296400,212
2018-12-18,10.27,10.5025,9.9425,10.2,10.126387,78946800,213
2018-12-19,10.1775,10.6475,9.22,9.4625,9.39421,153931200,214
2018-12-20,9.3675,9.695,8.6825,9.0825,9.016953,160409200,215
2018-12-21,9.1625,9.3525,8.0525,8.205,8.145785,184517200,216
2018-12-24,8,8.3225,7.58,7.5975,7.542669,87800400,217
2018-12-26,7.825,8.985,7.66,8.965,8.912325,189117600,218
2018-12-27,8.65,9.1,8.03,9.0925,9.039075,170917200,219
2018-12-28,9.25,9.5275,8.8425,9.055,9.001796,152421200,220
2018-12-31,9.34,9.42,9.0125,9.26,9.205591,108483200,221
2019-01-02,8.695,9.5575,8.6825,9.3925,9.337313,135832800,222
2019-01-03,8.995,9.1025,8.4075,8.4825,8.43266,165255200,223
2019-01-04,8.8875,9.69,8.7925,9.5675,9.511284,136482000,224
2019-01-07,9.6175,10.0375,9.5325,9.8725,9.814492,106553200,225
2019-01-08,10.1725,10.2775,9.725,10.1575,10.097817,105811200,226
2019-01-09,10.28,10.5425,10.15,10.3975,10.336408,89049200,227
2019-01-10,10.16,10.5075,9.99,10.4975,10.435821,87565600,228
2019-01-11,10.31,10.4075,10.2025,10.3725,10.311555,60402400,229
2019-01-14,10.1075,10.235,9.965,10.1025,10.043141,55691600,230
2019-01-15,10.235,10.73,10.215,10.6625,10.599851,72562800,231
2019-01-16,10.7425,10.965,10.67,10.6775,10.614762,67946400,232
2019-01-17,10.575,11.0675,10.515,10.9275,10.863294,71020000,233
2019-01-18,11.18,11.4025,10.9625,11.2275,11.16153,83454400,234
2019-01-22,11.0025,11.02,10.33,10.6075,10.545175,90867200,235
2019-01-23,10.7375,10.875,10.255,10.6175,10.555116,83046800,236
2019-01-24,10.705,10.855,10.585,10.805,10.741513,64057600,237
2019-01-25,11.065,11.2925,10.955,11.19,11.12425,69756800,238
2019-01-28,10.7525,10.7775,10.5025,10.7775,10.714174,70179600,239
2019-01-29,10.7975,10.8025,10.3575,10.4725,10.410967,61265200,240
2019-01-30,10.825,11.38,10.7225,11.2575,11.191354,87912000,241
2019-01-31,11.455,11.93,11.42,11.7525,11.683446,80287600,242
2019-02-01,11.585,11.855,11.515,11.6025,11.534328,70780800,243
2019-02-04,11.6175,12.04,11.585,12.0275,11.95683,55488400,244
2019-02-05,12.0925,12.4,12.075,12.345,12.272464,64458400,245
2019-02-06,12.37,12.4325,12.08,12.2475,12.175538,72710000,246
2019-02-07,11.9175,12.0075,11.4725,11.7475,11.678476,104896800,247
2019-02-08,11.4275,11.8125,11.4,11.8075,11.738122,72361200,248
2019-02-11,11.9425,12.0275,11.69,11.78,11.710784,60598400,249
2019-02-12,12.0325,12.3475,11.9725,12.29,12.217788,64113200,250
2019-02-13,12.465,12.57,12.28,12.315,12.242641,63804800,251
2019-02-14,12.175,12.4875,12.055,12.36,12.287375,76684800,252
2019-02-15,12.6275,12.63,12.34,12.5075,12.43401,71248000,253
2019-02-19,12.39,12.6975,12.39,12.5825,12.50857,51786400,254
2019-02-20,12.6125,12.7575,12.3725,12.5725,12.498629,85532800,255
2019-02-21,12.4675,12.5725,12.2325,12.43,12.356966,64246800,256
2019-02-22,12.515,12.73,12.4925,12.7,12.625379,59818800,257
2019-02-25,13.0025,13.095,12.815,12.84,12.764556,62051200,258
2019-02-26,12.74,13,12.68,12.88,12.80432,52678400,259
2019-02-27,12.7075,12.895,12.4475,12.84,12.764556,57922000,260
2019-02-28,12.7275,12.895,12.65,12.76,12.685026,46031600,261
2019-03-01,13.03,13.0725,12.755,13.015,12.938528,70078400,262
2019-03-04,13.2425,13.3325,12.5875,13.0175,12.941012,106544000,263
2019-03-05,13.045,13.17,12.855,13.05,12.973322,50174400,264
2019-03-06,13.0825,13.095,12.765,12.825,12.749644,61734400,265
2019-03-07,12.72,12.735,12.2075,12.3575,12.284891,84653200,266
2019-03-08,11.935,12.305,11.89,12.2875,12.215303,87468400,267
2019-03-11,12.4325,13.0775,12.4325,13.055,12.978292,64234000,268
2019-03-12,13.1575,13.3675,13.0625,13.2675,13.189545,75803200,269
2019-03-13,13.4675,13.7725,13.415,13.555,13.475355,72564800,270
2019-03-14,13.58,13.63,13.475,13.495,13.415708,47721600,271
2019-03-15,13.6525,13.985,13.615,13.83,13.748738,69422800,272
2019-03-18,13.8425,14.085,13.76,13.955,13.873005,74497200,273
2019-03-19,14.135,14.32,13.9225,14.095,14.012183,82190400,274
2019-03-20,14.0875,14.5125,13.8975,14.2525,14.173783,91761200,275
2019-03-21,14.12,14.975,14.1125,14.9125,14.830139,75978800,276
2019-03-22,14.7175,14.8375,13.885,13.9375,13.860524,133800800,277
2019-03-25,13.765,13.9925,13.545,13.85,13.773507,105184800,278
2019-03-26,14.1725,14.42,13.8275,14.04,13.962458,87936000,279
2019-03-27,14.0975,14.195,13.4625,13.765,13.688977,88405200,280
2019-03-28,13.8675,14.0075,13.6075,13.8525,13.775993,64218800,281
2019-03-29,14.1575,14.205,13.92,14.165,14.086768,63490000,282
2019-04-01,14.575,14.775,14.425,14.7225,14.641188,61182400,283
2019-04-02,14.7725,14.93,14.6575,14.885,14.802792,53364400,284
2019-04-03,15.135,15.4225,15.0025,15.1425,15.058868,75692000,285
2019-04-04,15.145,15.32,14.8575,15.12,15.036493,71810400,286
2019-04-05,15.265,15.375,15.195,15.3475,15.262736,52327200,287
2019-04-08,15.27,15.4975,15.09,15.4675,15.382073,51730000,288
2019-04-09,15.31,15.4575,15.2,15.2975,15.213012,52060800,289
2019-04-10,15.365,15.555,15.3075,15.545,15.459146,49622000,290
2019-04-11,15.6025,15.6075,15.34,15.4275,15.342295,55885200,291
2019-04-12,15.625,15.65,15.4325,15.6175,15.531245,47614000,292
2019-04-15,15.6175,15.68,15.315,15.63,15.543676,41684800,293
2019-04-16,15.7875,15.8875,15.6475,15.7825,15.695333,47143600,294
2019-04-17,16.09,16.139999,15.8025,15.94,15.851964,57211200,295
2019-04-18,16.02,16.0275,15.7175,15.99,15.901688,45951600,296
2019-04-22,15.7875,16.147499,15.75,16.125,16.035942,37878400,297
2019-04-23,16.252501,16.799999,16.182501,16.737499,16.64506,52477200,298
2019-04-24,16.775,16.844999,16.567499,16.575001,16.483459,47537600,299
2019-04-25,16.942499,16.9625,16.5075,16.76,16.667435,59845200,300
2019-04-26,16.702499,16.825001,16.275,16.82,16.727104,55258400,301
2019-04-29,16.815001,16.9925,16.735001,16.91,16.816607,41898800,302
2019-04-30,16.5,16.602501,16.1675,16.522499,16.431246,63797600,303
2019-05-01,16.83,16.977501,16.315001,16.3325,16.242296,62958000,304
2019-05-02,16.3375,16.5825,15.8125,16.1325,16.0434,70644400,305
2019-05-03,16.535,16.9375,16.4475,16.8925,16.799202,54444800,306
2019-05-06,15.8275,16.655001,15.74,16.59,16.498375,80857600,307
2019-05-07,16.0525,16.254999,15.16,15.625,15.538704,118764800,308
2019-05-08,15.4675,15.8475,15.2975,15.4875,15.401963,80618800,309
2019-05-09,14.99,15.3975,14.5675,15.2425,15.158317,110208800,310
2019-05-10,15.06,15.5075,14.31,15.285,15.200582,113929200,311
2019-05-13,14.12,14.3575,13.5675,13.705,13.629308,117460400,312
2019-05-14,13.905,14.395,13.7575,14.135,14.056933,70096000,313
2019-05-15,13.865,14.8475,13.8475,14.7225,14.641188,88080000,314
2019-05-16,14.75,15.455,14.7025,15.1825,15.098648,87013200,315
2019-05-17,14.7225,15.335,14.6675,14.71,14.628757,91255200,316
2019-05-20,14.095,14.2575,13.8125,13.9725,13.89533,92184400,317
2019-05-21,14.3175,14.51,14.1825,14.3925,14.31301,57243600,318
2019-05-22,14.145,14.445,14.14,14.205,14.126546,64456400,319
2019-05-23,13.715,13.72,13.2775,13.535,13.460246,103840400,320
2019-05-24,13.7675,13.9,13.47,13.515,13.440358,68612800,321
2019-05-28,13.635,13.8525,13.3575,13.37,13.296158,58451600,322
2019-05-29,13.1225,13.25,12.815,13.035,12.963008,88960800,323
2019-05-30,13.1325,13.295,12.96,13.19,13.117152,68214000,324
2019-05-31,12.7175,12.8525,12.535,12.555,12.48566,70300400,325
2019-06-03,12.455,12.55,11.5325,11.7525,11.687592,120906400,326
2019-06-04,12.1,12.72,11.9775,12.705,12.63483,81934800,327
2019-06-05,13.0725,13.08,12.5925,12.985,12.913284,76158400,328
2019-06-06,13.05,13.3875,12.8775,13.285,13.211627,50151200,329
2019-06-07,13.5,14.23,13.455,14.0425,13.964944,75774000,330
2019-06-10,14.34,14.955,14.34,14.555,14.474614,91636000,331
2019-06-11,15.015,15.0925,14.4625,14.61,14.529309,68723600,332
2019-06-12,14.4825,14.575,14.275,14.3625,14.283177,55088000,333
2019-06-13,14.5325,14.7075,14.445,14.5975,14.516879,49279600,334
2019-06-14,14.3675,14.525,14.2475,14.4075,14.327929,38572400,335
2019-06-17,14.4975,14.7925,14.46,14.67,14.588978,37525200,336
2019-06-18,15.1875,15.6225,15.0775,15.305,15.220471,70914800,337
2019-06-19,15.3825,15.59,15.1,15.485,15.399477,68489600,338
2019-06-20,16.122499,16.1325,15.5575,15.91,15.822129,59677600,339
2019-06-21,15.8275,16.135,15.7375,15.8375,15.750031,52323200,340
2019-06-24,15.9225,15.9725,15.8025,15.8325,15.745058,34469200,341
2019-06-25,15.795,15.82,14.945,15.0225,14.939532,69811600,342
2019-06-26,15.305,15.595,15.15,15.2125,15.128482,47057600,343
2019-06-27,15.3775,15.4975,15.2625,15.3775,15.29257,37635200,344
2019-06-28,15.495,15.5475,15.2775,15.4425,15.357212,49466400,345
2019-07-01,16.325001,16.387501,15.8475,16.057501,15.968817,72410400,346
2019-07-02,16.040001,16.252501,15.91,16.252501,16.162739,40624400,347
2019-07-03,16.355,16.612499,16.315001,16.612499,16.520748,33563600,348
2019-07-05,16.272499,16.5975,16.077499,16.504999,16.413843,58422400,349
2019-07-08,16.1975,16.200001,15.955,16.157499,16.068262,52893600,350
2019-07-09,15.9175,16.455,15.8825,16.4,16.309423,44297600,351
2019-07-10,16.700001,17.022499,16.6,16.885,16.791746,77054800,352
2019-07-11,16.967501,17.075001,16.6775,16.84,16.746994,63924800,353
2019-07-12,16.887501,17.127501,16.844999,17.122499,17.027933,44596400,354
2019-07-15,17.24,17.297501,17.102501,17.2675,17.172132,36697200,355
2019-07-16,17.2125,17.27,16.860001,17.022499,16.928486,55996000,356
2019-07-17,17.030001,17.1075,16.76,16.77,16.677382,46254000,357
2019-07-18,16.522499,16.915001,16.3575,16.842501,16.749481,67784000,358
2019-07-19,17.174999,17.174999,16.3925,16.434999,16.344231,70389600,359
2019-07-22,16.559999,16.932501,16.555,16.8225,16.729591,47753200,360
2019-07-23,17.102501,17.155001,16.76,17.147499,17.052794,58024800,361
2019-07-24,16.959999,17.512501,16.950001,17.512501,17.415781,54622400,362
2019-07-25,17.334999,17.3375,16.91,17.012501,16.918543,75037600,363
2019-07-26,17.325001,17.5975,17.305,17.5175,17.420752,55739200,364
2019-07-29,17.49,17.49,17.0175,17.355,17.25915,56637600,365
2019-07-30,16.955,17.32,16.915001,17.122499,17.027933,55752000,366
2019-07-31,17.2575,17.2875,15.925,16.4,16.309423,98170400,367
2019-08-01,16.49,17.4,15.91,16.17,16.080694,149192400,368
2019-08-02,15.8,15.8575,15.15,15.43,15.344781,123460000,369
2019-08-05,14.485,14.485,13.42,13.81,13.733728,151242400,370
2019-08-06,14.18,14.495,13.875,14.3775,14.298094,106770400,371
2019-08-07,13.9025,14.6575,13.575,14.5875,14.506933,153954400,372
2019-08-08,14.81,15.5575,14.6725,15.5525,15.466604,109528000,373
2019-08-09,15.315,15.48,14.7425,15.0925,15.009145,110683200,374
2019-08-12,14.82,14.9575,14.38,14.5875,14.506933,106655600,375
2019-08-13,14.56,15.8475,14.5,15.545,15.459146,119629600,376
2019-08-14,14.7875,14.935,14.065,14.1525,14.074336,152465200,377
2019-08-15,14.225,14.33,13.7675,14.0925,14.014668,104469600,378
2019-08-16,14.445,14.8725,14.445,14.7425,14.661078,82202800,379
2019-08-19,15.3675,15.56,15.2425,15.4325,15.347267,60022000,380
2019-08-20,15.3525,15.5125,15.1025,15.115,15.03152,62632000,381
2019-08-21,15.5075,15.6475,15.3425,15.5,15.414394,50740800,382
2019-08-22,15.59,15.6975,14.9825,15.35,15.265223,76314800,383
2019-08-23,15.0325,15.45,13.77,13.945,13.867982,151175200,384
2019-08-26,14.3725,14.515,14.115,14.51,14.429862,73292800,385
2019-08-27,14.8125,14.89,14.25,14.4225,14.342845,77289600,386
2019-08-28,14.2775,14.6425,14.0625,14.5675,14.487044,63912400,387
2019-08-29,15.105,15.3575,14.935,15.23,15.145885,70761600,388
2019-08-30,15.48,15.4825,14.865,15.1225,15.03898,68051600,389
2019-09-03,14.8225,15.045,14.5275,14.6825,14.601409,64392800,390
2019-09-04,15.095,15.3425,14.98,15.3,15.215499,50232400,391
2019-09-05,15.805,16.2775,15.78,16.145,16.055832,63372000,392
2019-09-06,16.2125,16.24,15.99,16.1,16.011082,57519200,393
2019-09-09,16.2425,16.2675,15.7425,15.9975,15.909147,56156400,394
2019-09-10,15.735,15.87,15.42,15.865,15.777378,68382800,395
2019-09-11,15.9375,16.3225,15.8325,16.2925,16.202517,55700400,396
2019-09-12,16.594999,16.870001,16.422501,16.495001,16.4039,69965600,397
2019-09-13,16.424999,16.535,16.25,16.32,16.229866,53805200,398
2019-09-16,15.9975,16.195,15.95,16.094999,16.006107,48562000,399
2019-09-17,16.09,16.3225,15.995,16.307501,16.217436,45398000,400
2019-09-18,16.215,16.317499,15.6875,16.297501,16.207491,71031600,401
2019-09-19,16.3825,16.672501,16.275,16.370001,16.279589,66385200,402
2019-09-20,16.440001,16.487499,15.685,15.855,15.767433,61756400,403
2019-09-23,15.82,16.01,15.675,15.87,15.782351,44704800,404
2019-09-24,16.0875,16.184999,15.035,15.2425,15.158317,101882800,405
2019-09-25,15.19,15.86,14.8075,15.73,15.643124,76152000,406
2019-09-26,15.6825,15.715,15.215,15.5725,15.486494,68107200,407
2019-09-27,15.6375,15.6625,14.665,15.0075,14.924614,94246000,408
2019-09-30,15.15,15.48,15.07,15.4075,15.322406,58551600,409
2019-10-01,15.58,15.8375,14.955,15.035,14.951962,79227200,410
2019-10-02,14.7325,14.7325,14.005,14.265,14.186215,135412000,411
2019-10-03,14.255,14.7425,13.7275,14.735,14.65362,120260800,412
2019-10-04,14.9275,15.42,14.8975,15.355,15.270194,84488800,413
2019-10-07,15.215,15.5825,15.135,15.2125,15.128482,81265200,414
2019-10-08,14.91,15.12,14.5,14.52,14.439807,117702800,415
2019-10-09,14.9,15.1525,14.765,14.96,14.877377,76134800,416
2019-10-10,14.9625,15.4675,14.92,15.2875,15.203068,88119600,417
2019-10-11,15.805,16.25,15.785,15.86,15.772406,111254800,418
2019-10-14,15.8125,16.0275,15.765,15.8775,15.789808,45746800,419
2019-10-15,16.02,16.5875,15.9925,16.48,16.388983,70360800,420
2019-10-16,16.305,16.477501,16.1975,16.3575,16.267159,58596800,421
2019-10-17,16.639999,16.715,16.285,16.469999,16.379036,60919600,422
2019-10-18,16.405001,16.5075,15.7475,15.9975,15.909147,77222000,423
2019-10-21,16.2575,16.455,16.1075,16.42,16.329313,47088000,424
2019-10-22,16.59,16.682501,16.02,16.040001,15.951413,62511600,425
2019-10-23,15.9275,16.127501,15.85,16.115,16.025997,48452800,426
2019-10-24,16.467501,16.610001,16.2425,16.577499,16.485943,61242400,427
2019-10-25,16.3225,16.997499,16.3125,16.955,16.861357,64588800,428
2019-10-28,17.215,17.5425,17.215,17.4725,17.375999,55798000,429
2019-10-29,17.387501,17.4625,17.057501,17.07,16.975723,53514000,430
2019-10-30,17.16,17.395,16.8675,17.309999,17.214397,59492400,431
2019-10-31,17.442499,17.48,17.0275,17.3225,17.22683,61648000,432
2019-11-01,17.5525,17.797501,17.4725,17.7925,17.694233,57526400,433
2019-11-04,18.1525,18.2425,18.030001,18.110001,18.009981,49963200,434
2019-11-05,18.192499,18.245001,17.9725,18.1325,18.032354,51614800,435
2019-11-06,18.0875,18.094999,17.762501,18.0175,17.91799,57664800,436
2019-11-07,18.3025,18.549999,18.0425,18.200001,18.099483,62859600,437
2019-11-08,18.092501,18.422501,17.9575,18.415001,18.313295,40803600,438
2019-11-11,18.1425,18.365,18.0625,18.3375,18.236221,38046400,439
2019-11-12,18.379999,18.68,18.299999,18.487499,18.385393,64346000,440
2019-11-13,18.307501,18.557501,18.264999,18.459999,18.358046,55879200,441
2019-11-14,18.297501,18.4925,18.127501,18.455,18.353073,53325600,442
2019-11-15,18.7775,18.834999,18.615,18.8025,18.698654,45293200,443
2019-11-18,18.7775,18.995001,18.545,18.9,18.795616,48348000,444
2019-11-19,19.1175,19.1175,18.772499,18.977501,18.872688,56060000,445
2019-11-20,18.8375,19.0075,18.205,18.645,18.542025,75190000,446
2019-11-21,18.58,18.612499,18.3375,18.5,18.397825,45329600,447
2019-11-22,18.639999,18.6775,18.2425,18.549999,18.447548,41834000,448
2019-11-25,18.780001,19.205,18.775,19.192499,19.086498,40039200,449
2019-11-26,19.227501,19.377501,19.15,19.307501,19.200867,41845200,450
2019-11-27,19.445,19.705,19.379999,19.6975,19.588713,40778400,451
2019-11-29,19.5525,19.6425,19.4,19.434999,19.32766,26898000,452
2019-12-02,19.434999,19.4475,18.5075,18.809999,18.706114,75907600,453
2019-12-03,18.075001,18.407499,17.7775,18.387501,18.285948,78026000,454
2019-12-04,18.672501,18.7925,18.584999,18.66,18.55694,43829600,455
2019-12-05,18.855,18.8575,18.4925,18.7575,18.653904,44540400,456
2019-12-06,19.17,19.405001,19.135,19.3375,19.2307,46470800,457
2019-12-09,19.272499,19.532499,19.08,19.1,18.994513,38964400,458
2019-12-10,19.112499,19.32,18.92,19.057501,18.952248,56024000,459
2019-12-11,19.17,19.407499,19.09,19.344999,19.238159,45298000,460
2019-12-12,19.282499,20,19.205,19.7875,19.678215,91582000,461
2019-12-13,19.74,20.18,19.615,19.965,19.854734,80498000,462
2019-12-16,20.355,20.6425,20.34,20.5375,20.424074,49694000,463
2019-12-17,20.6425,20.6975,20.5,20.565001,20.45142,42274400,464
2019-12-18,20.6625,20.82,20.584999,20.612499,20.498657,35704000,465
2019-12-19,20.665001,21.045,20.665001,21.032499,20.916338,41692400,466
2019-12-20,21.307501,21.379999,21.15,21.282499,21.164957,49774000,467
2019-12-23,21.504999,21.545,21.3925,21.440001,21.321589,36213600,468
2019-12-24,21.487499,21.5175,21.3125,21.459999,21.349194,19949200,469
2019-12-26,21.557501,22.0275,21.557501,22.0175,21.903816,32129200,470
2019-12-27,22.252501,22.264999,21.7875,21.952499,21.839151,49875200,471
2019-12-30,21.932501,21.965,21.200001,21.514999,21.403912,56452800,472
2019-12-31,21.325001,21.690001,21.215,21.637501,21.52578,42190000,473
2020-01-02,22.1775,22.709999,22.055,22.709999,22.592741,65536000,474
2020-01-03,21.8225,22.5,21.809999,22.092501,21.97843,72590000,475
2020-01-06,21.567499,22.52,21.487499,22.512501,22.396261,64047600,476
2020-01-07,22.535,22.695,22.290001,22.485001,22.368904,53849600,477
2020-01-08,22.49,23.32,22.3825,23.002501,22.883732,79582400,478
2020-01-09,23.557501,23.715,23.18,23.5825,23.460737,72711600,479
2020-01-10,23.8475,23.8675,23.282499,23.389999,23.26923,68802000,480
2020-01-13,23.682501,24.219999,23.577499,24.2075,24.08251,58279200,481
2020-01-14,24.145,24.2875,23.805,23.924999,23.801468,72868800,482
2020-01-15,23.945,24.282499,23.705,23.940001,23.816391,66501600,483
2020-01-16,24.2775,24.622499,24.1325,24.6075,24.480444,60550400,484
2020-01-17,24.9275,25.035,24.565001,24.975,24.846046,72201200,485
2020-01-21,24.7575,25.127501,24.74,24.9625,24.833611,69441200,486
2020-01-22,25.307501,25.5725,25.045,25.1325,25.002733,68074400,487
2020-01-23,25.0825,25.397499,24.7425,25.365,25.234032,71794400,488
2020-01-24,25.725,25.8025,24.377501,24.7075,24.579927,119687200,489
2020-01-27,23.0625,23.5875,22.545,23.18,23.060314,99313200,490
2020-01-28,23.6625,24.4175,23.495001,24.2575,24.13225,85931200,491
2020-01-29,24.657499,24.74,24.045,24.344999,24.219299,68938800,492
2020-01-30,23.9,24.65,23.6625,24.620001,24.49288,100124800,493
2020-01-31,24.92,24.9375,23.1875,23.41,23.289127,110192000,494
2020-02-03,23.7775,24.665001,23.7325,24.485001,24.358578,86844000,495
2020-02-04,25.5,26.3125,25.254999,26.157499,26.02244,70124400,496
2020-02-05,27.139999,27.145,25.9725,26.459999,26.323378,87306000,497
2020-02-06,26.627501,27.135,26.352501,27.105,26.965048,56566400,498
2020-02-07,26.745001,27.202499,26.530001,26.754999,26.616856,77026000,499
2020-02-10,26.495001,27.727501,26.475,27.719999,27.576872,61624400,500
2020-02-11,28.174999,28.467501,27.52,27.74,27.596769,96885200,501
2020-02-12,28.2225,28.5875,28.025,28.5525,28.405075,60804000,502
2020-02-13,27.9475,28.775,27.844999,28.442499,28.295641,77641200,503
2020-02-14,28.555,28.747499,28.27,28.635,28.487148,56984800,504
2020-02-18,28.23,28.8575,28.147499,28.684999,28.53689,65083600,505
2020-02-19,29.202499,29.700001,29.1,29.514999,29.362604,52813600,506
2020-02-20,29.325001,29.495001,27.5975,28.674999,28.526941,113828800,507
2020-02-21,28.264999,28.395,26.682501,27.035,26.895411,103553600,508
2020-02-24,24.07,24.895,23.407499,23.92,23.796494,134837200,509
2020-02-25,24.4825,24.727501,21.735001,21.985001,21.871485,150396800,510
2020-02-26,22.32,23.432501,21.7875,22.2875,22.172422,167868000,511
2020-02-27,20.575001,21.602501,18.895,18.955,18.85713,212558000,512
2020-02-28,17.102501,19.3575,16.875,19.25,19.150606,247111200,513
2020-03-02,19.817499,21.934999,18.9925,21.877501,21.76454,181759200,514
2020-03-03,22.092501,22.875,19.219999,19.817499,19.715176,274063200,515
2020-03-04,20.885,22.2875,20.325001,22.2225,22.107758,157913600,516
2020-03-05,20.559999,21.690001,19.772499,20.272499,20.167826,193486000,517
2020-03-06,18.182501,19.52,17.75,19.209999,19.110811,196759600,518
2020-03-09,15.3825,17.2875,15.25,15.3075,15.228462,203482400,519
2020-03-10,16.995001,17.7325,15.25,17.690001,17.598661,228126400,520
2020-03-11,16.445,16.807501,14.75,15.415,15.335407,215464000,521
2020-03-12,12.375,14.375,11.1,11.19,11.132222,309112800,522
2020-03-13,13.06,14.3275,11.265,14.21,14.136629,278145200,523
2020-03-16,10.115,12.15,9.2475,9.3125,9.264417,329145200,524
2020-03-17,9.845,11.285,8.9375,10.83,10.774081,381010400,525
2020-03-18,9.075,10.375,8.1825,9.8275,9.776758,424499600,526
2020-03-19,9.7125,11.02,9,10.055,10.003083,402404400,527
2020-03-20,10.7475,10.95,8.775,8.8775,8.831662,391127600,528
2020-03-23,8.9825,9.5,8.0675,8.905,8.85902,410036800,529
2020-03-24,10.3075,10.935,10.0325,10.89,10.833772,414912000,530
2020-03-25,11.05,11.96,10.27,10.6375,10.582575,417437200,531
2020-03-26,10.9575,12.5,10.9175,12.37,12.306129,324620000,532
2020-03-27,11.4075,12.0825,10.9475,11.085,11.027764,278571600,533
2020-03-30,11.395,12.345,11.25,12.25,12.186749,208310800,534
2020-03-31,12.1525,12.8825,11.715,11.91,11.848505,365952000,535
2020-04-01,10.9,11.43,10.155,10.4325,10.378633,267794800,536
2020-04-02,10.3,11.085,10.1925,11.05,10.992946,233765600,537
2020-04-03,10.965,11.245,10.215,10.605,10.550242,277242000,538
2020-04-06,11.7775,13.0475,11.59,12.825,12.75878,259308400,539
2020-04-07,13.975,14.0725,12.75,12.8,12.73391,329004800,540
2020-04-08,13.1725,13.75,12.82,13.6175,13.547189,259090000,541
2020-04-09,13.9825,14.18,13.3175,13.6675,13.59693,276648800,542
2020-04-13,13.5,14.22,13.2675,14.1425,14.069478,213480800,543
2020-04-14,15.0125,16.1,14.8475,15.9775,15.895003,245024800,544
2020-04-15,15.2275,15.8475,14.915,15.4475,15.36774,215844000,545
2020-04-16,15.9525,16.5175,15.4875,16.275,16.190968,281460000,546
2020-04-17,16.9175,17.025,16.0075,16.682501,16.596363,231782400,547
2020-04-20,16.297501,16.877501,16.115,16.1425,16.059151,193499200,548
2020-04-21,15.665,15.7825,14.0775,14.3575,14.283368,259744800,549
2020-04-22,15.2575,15.915,15.0775,15.6275,15.54681,137092800,550
2020-04-23,15.8075,16.397499,15.43,15.525,15.444839,212434000,551
2020-04-24,15.635,16.35,15.3025,16.275,16.190968,158990800,552
2020-04-27,16.795,16.897499,16.41,16.592501,16.506828,152370800,553
2020-04-28,17.055,17.057501,15.6525,15.695,15.613961,193123600,554
2020-04-29,16.762501,17.592501,16.522499,17.327499,17.238031,173052000,555
2020-04-30,17.602501,17.6175,16.987499,17.442499,17.352438,190272400,556
2020-05-01,16.33,16.827499,15.625,15.8775,15.795519,173122800,557
2020-05-04,15.635,16.4825,15.5175,16.4375,16.352629,100378000,558
2020-05-05,16.932501,17.555,16.8025,16.9625,16.874916,144357200,559
2020-05-06,17.385,17.782499,17.0975,17.297501,17.208189,155940400,560
2020-05-07,17.9575,18.1875,17.6425,17.9725,17.879702,144744800,561
2020-05-08,18.387501,18.737499,18.129999,18.6975,18.60096,131101200,562
2020-05-11,18.3675,19.475,18.3125,19.1625,19.063559,134692000,563
2020-05-12,19.3675,19.532499,18.0075,18.022499,17.929443,169681600,564
2020-05-13,18.147499,18.612499,16.690001,17.34,17.250469,245559600,565
2020-05-14,17.01,17.922501,16.5275,17.915001,17.8225,201499600,566
2020-05-15,17.1775,18.275,17.0725,18.2225,18.128412,178903200,567
2020-05-18,19,19.549999,18.805,19.2775,19.177965,148237200,568
2020-05-19,19.344999,19.8925,19.1,19.129999,19.031225,130715200,569
2020-05-20,19.8025,20.377501,19.8025,20.25,20.145443,142708000,570
2020-05-21,20.309999,20.48,19.4825,19.627501,19.526157,161346800,571
2020-05-22,19.522499,19.872499,19.262501,19.805,19.702742,104832400,572
2020-05-26,20.762501,20.83,19.594999,19.7225,19.620667,122601200,573
2020-05-27,19.5275,20.01,18.344999,20,19.896734,173645600,574
2020-05-28,19.65,20.8025,19.637501,19.872499,19.769892,151996400,575
2020-05-29,20.01,20.83,19.58,20.692499,20.585657,179246400,576
2020-06-01,20.514999,21.059999,20.407499,20.9475,20.839342,104940800,577
2020-06-02,21.059999,21.387501,20.41,21.365,21.254686,125357200,578
2020-06-03,21.5375,21.872499,21.3025,21.655001,21.54319,107516800,579
2020-06-04,21.557501,21.969999,20.84,21.215,21.105461,133204400,580
2020-06-05,21.475,22.6325,21.375,22.4725,22.356468,140697200,581
2020-06-08,22.397499,23.02,21.975,22.9725,22.853886,109272400,582
2020-06-09,22.7225,23.745001,22.684999,23.485001,23.363741,106589600,583
2020-06-10,23.99,24.805,23.844999,24.3325,24.206863,151455600,584
2020-06-11,23.145,23.5525,20.705,20.75,20.64286,191666000,585
2020-06-12,22.0725,22.4125,20.1075,21.200001,21.090538,205938400,586
2020-06-15,20.27,22.17,20.014999,21.9475,21.834179,199092400,587
2020-06-16,23.3475,23.530001,22.077499,23.1075,22.98819,191608800,588
2020-06-17,23.5425,23.865,23.1,23.3325,23.212027,129429200,589
2020-06-18,23.235001,23.59,23.01,23.512501,23.391098,106392800,590
2020-06-19,24.2425,24.307501,22.99,23.48,23.358765,144975200,591
2020-06-22,23.477501,24.387501,23.377501,24.315001,24.189455,110066800,592
2020-06-23,24.842501,25.655001,24.665001,24.950001,24.821177,117449200,593
2020-06-24,24.725,25.1175,22.9625,23.48,23.358765,196410800,594
2020-06-25,23.477501,24.18,22.684999,24.102501,23.978052,150851600,595
2020-06-26,24.004999,24.075001,22.225,22.370001,22.254498,187970400,596
2020-06-29,22.3025,23.1075,21.57,23.084999,22.965803,129804800,597
2020-06-30,23.08,24.620001,23.032499,24.4125,24.286451,125694400,598
2020-07-01,24.465,25.6175,24.309999,25.285,25.154446,126068800,599
2020-07-02,26.0725,26.467501,25.684999,25.8225,25.689171,114076000,600
2020-07-06,26.825001,27.895,26.8225,27.719999,27.576872,105992000,601
2020-07-07,27.637501,28.540001,27.059999,27.174999,27.034687,123049600,602
2020-07-08,27.6075,28.235001,27.122499,28.219999,28.074291,119965600,603
2020-07-09,28.852501,29.1675,27.465,28.924999,28.77565,158798000,604
2020-07-10,28.855,29.612499,27.9725,29.5375,29.384989,121394800,605
2020-07-13,30.512501,31.487499,27.422501,27.7125,27.569412,187292400,606
2020-07-14,26.897499,28.43,25.8475,28.299999,28.153877,229875600,607
2020-07-15,28.715,29.055,27.3475,28.440001,28.293156,183772000,608
2020-07-16,27.51,28.09,26.747499,27.83,27.686304,149986000,609
2020-07-17,28.040001,28.26,27.25,27.959999,27.815634,115501600,610
2020-07-20,28.200001,30.557501,27.772499,30.34,30.183346,125810800,611
2020-07-21,30.897499,30.9175,29.1,29.370001,29.218355,147156800,612
2020-07-22,29.5425,30.032499,28.9125,29.709999,29.556597,113894400,613
2020-07-23,29.577499,29.809999,26.8925,27.3825,27.241116,168324400,614
2020-07-24,26.127501,27.040001,25.252501,26.5725,26.435299,178609200,615
2020-07-27,27.147499,28.137501,26.870001,28,27.855427,133812000,616
2020-07-28,27.77,27.9275,26.842501,26.9475,26.808361,119351200,617
2020-07-29,27.422501,28.1525,27.2875,27.865,27.721125,97140400,618
2020-07-30,27.225,28.4925,26.84,28.317499,28.171288,151100000,619
2020-07-31,29.83,29.875,28.219999,29.844999,29.690901,179907600,620
2020-08-03,30.5625,31.282499,30.514999,30.9575,30.797657,108934000,621
2020-08-04,30.83,31.405001,30.584999,31.360001,31.19808,105504000,622
2020-08-05,31.5375,31.7675,31.227501,31.610001,31.446789,81190800,623
2020-08-06,31.5275,32.982498,31.305,32.82,32.650539,96032000,624
2020-08-07,32.654999,32.955002,30.922501,31.747499,31.583578,148354000,625
2020-08-10,31.817499,31.9025,30.0425,31.32,31.158285,127155600,626
2020-08-11,30.889999,31.362499,29.3475,29.5425,29.389963,155136800,627
2020-08-12,30.275,32.09,30.275,31.752501,31.588552,110623600,628
2020-08-13,32.02,32.794998,31.6325,31.975,31.809904,117140800,629
2020-08-14,32.165001,32.297501,31.352501,31.8825,31.71788,99868800,630
2020-08-17,32.467499,33.09,32.415001,32.935001,32.764946,63332400,631
2020-08-18,33.357498,34.099998,32.822498,33.9025,33.727451,74656800,632
2020-08-19,33.897499,34.302502,33.072498,33.240002,33.068375,102923600,633
2020-08-20,32.9375,34.797501,32.7925,34.607498,34.42881,76387200,634
2020-08-21,34.665001,35.502499,34.447498,35.330002,35.147583,82140000,635
2020-08-24,36.552502,36.889999,35.110001,35.985001,35.799198,125692000,636
2020-08-25,35.7075,36.862499,35.517502,36.825001,36.634861,86278400,637
2020-08-26,37.317501,39.262501,37.27,39.182499,38.980186,109831600,638
2020-08-27,39.645,39.967499,37.895,38.827499,38.627022,151301200,639
2020-08-28,39.322498,39.682499,38.787498,39.427502,39.223927,99072800,640
2020-08-31,39.634998,41.134998,39.455002,40.34,40.131714,90199200,641
2020-09-01,41.48,42.4925,40.737499,42.435001,42.215897,96573600,642
2020-09-02,43.869999,43.9175,41.1675,43.6325,43.407211,144684800,643
2020-09-03,41.682499,41.849998,35.705002,36.932499,36.741806,221512400,644
2020-09-04,36.345001,37.575001,30.965,35.41,35.227165,280740400,645
2020-09-08,31.237499,33.4925,30.264999,30.405001,30.248011,213412400,646
2020-09-09,32.2575,33.799999,31.4175,33.017502,32.847023,145176000,647
2020-09-10,34.130001,34.5975,30.434999,31.1075,30.946882,232968400,648
2020-09-11,31.75,32.047501,29.202499,30.4275,30.270393,192898800,649
2020-09-14,31.75,32.702499,31.27,31.995001,31.829802,134516400,650
2020-09-15,33.3325,33.855,32.740002,33.355,33.182777,150444800,651
2020-09-16,33.6325,33.830002,31.647499,31.752501,31.588552,153070800,652
2020-09-17,29.3025,30.99,29.012501,30.290001,30.133604,223422400,653
2020-09-18,30.715,30.862499,27.690001,29.120001,28.969645,231521200,654
2020-09-21,27.807501,29.487499,27.025,29.465,29.312862,187657200,655
2020-09-22,30.299999,31.282499,29.115,31.075001,30.914551,157533200,656
2020-09-23,30.9625,31.0375,27.9275,28.1975,28.051908,202753600,657
2020-09-24,27.422501,29.6775,27.2925,28.610001,28.462278,187518000,658
2020-09-25,28.7675,30.889999,28.262501,30.615,30.456924,162239200,659
2020-09-28,32.322498,32.5,31.3925,32.43,32.262554,136665600,660
2020-09-29,32.369999,32.709999,31.8825,32.09,31.924309,110902800,661
2020-09-30,32.147499,33.880001,32.0625,32.724998,32.55603,169384000,662
2020-10-01,34.142502,34.517502,33.445,34.2575,34.080616,139338000,663
2020-10-02,32.029999,33.407501,31.0825,31.432501,31.270205,199776800,664
2020-10-05,32.1175,33.525002,32.0625,33.415001,33.24247,105395200,665
2020-10-06,33.0975,33.779999,31.2875,31.620001,31.456738,172824400,666
2020-10-07,32.5425,33.5275,32.345001,33.282501,33.110653,112544400,667
2020-10-08,34.112499,34.1525,33.384998,33.772499,33.598122,98946800,668
2020-10-09,34.384998,35.3475,34.240002,35.275002,35.092865,97635600,669
2020-10-12,37.099998,39.682499,36.715,38.564999,38.365875,147058400,670
2020-10-13,39.299999,39.5825,38.037498,38.57,38.37085,141930800,671
2020-10-14,38.915001,39.299999,36.912498,37.6175,37.423271,148294800,672
2020-10-15,35.755001,37.0975,35.485001,36.84,36.649784,124538400,673
2020-10-16,37.517502,38.067501,36.125,36.275002,36.087704,114048400,674
2020-10-19,37.009998,37.377499,34.09,34.4725,34.294506,138777600,675
2020-10-20,34.744999,35.849998,34.147499,34.695,34.515858,137355200,676
2020-10-21,34.772499,35.752499,34.43,34.605,34.426323,121286400,677
2020-10-22,34.924999,35.25,33.3675,34.622501,34.443733,119581600,678
2020-10-23,34.852501,34.857498,33.7225,34.825001,34.645187,95544000,679
2020-10-26,33.942501,34.994999,31.872499,33.237499,33.065884,158556800,680
2020-10-27,33.567501,34.299999,33.130001,34.022499,33.846828,111930000,681
2020-10-28,32.355,32.560001,29.950001,30.030001,29.874947,184720000,682
2020-10-29,30.485001,32.615002,30.309999,31.557501,31.39456,138187200,683
2020-10-30,30.887501,31.182501,28.387501,29.362499,29.210892,230811200,684
2020-11-02,29.9475,30.522499,28.4025,29.372499,29.22084,151136000,685
2020-11-03,29.995001,31.602501,29.65,30.85,30.690712,134969200,686
2020-11-04,33.897499,35.66,33.330002,35.02,34.83918,169187600,687
2020-11-05,37.415001,38.137501,36.897499,37.7225,37.527725,150132400,688
2020-11-06,37.467499,38.142502,36.014999,37.849998,37.654568,135151200,689
2020-11-09,38.919998,39.595001,35.369999,35.540001,35.356495,165865600,690
2020-11-10,34.285,34.8125,32.587502,33.622501,33.448898,168666800,691
2020-11-11,34.517502,36.047501,34.369999,35.8825,35.697227,126830800,692
2020-11-12,36.212502,36.73,34.93,35.357498,35.174938,143343600,693
2020-11-13,35.945,36.52,35.165001,36.285,36.097649,104747600,694
2020-11-16,36.1875,37.252499,35.935001,37.119999,36.928337,106874400,695
2020-11-17,37.200001,37.34,36.532501,36.7775,36.587608,91352000,696
2020-11-18,36.564999,37.1875,35.924999,35.924999,35.739506,77170800,697
2020-11-19,35.727501,36.922501,35.490002,36.814999,36.624912,79670800,698
2020-11-20,36.762501,37.067501,36.029999,36.067501,35.881275,64996800,699
2020-11-23,36.455002,36.935001,35.189999,36.075001,35.888733,89530400,700
2020-11-24,36.455002,37.7575,35.767502,37.549999,37.356117,78007600,701
2020-11-25,37.93,38.502499,37.612499,38.2575,38.059963,64338800,702
2020-11-27,39.009998,39.767502,38.8825,39.302502,39.099571,46463600,703
2020-11-30,39.43,39.695,37.645,39.505001,39.301025,92311200,704
2020-12-01,40.447498,41.737499,40.025002,41.057499,40.845505,84994800,705
2020-12-02,40.552502,41.360001,39.794998,41.2225,41.009655,73064800,706
2020-12-03,41.322498,42.047501,41.087502,41.389999,41.176289,78730800,707
2020-12-04,41.400002,41.959999,41.127499,41.897499,41.681168,63544000,708
2020-12-07,41.974998,42.755001,41.900002,42.607498,42.387501,62014000,709
2020-12-08,42.412498,43.169998,41.6525,42.997501,42.775494,66962800,710
2020-12-09,42.959999,43.064999,39.654999,40.1175,39.910362,122439200,711
2020-12-10,39.259998,41.067501,38.814999,40.610001,40.400318,86673200,712
2020-12-11,39.912498,40.3825,38.974998,40.325001,40.116791,84909600,713
2020-12-14,40.807499,42.012501,40.7925,41.185001,40.972351,73342400,714
2020-12-15,42.145,42.502499,41.23,42.465,42.245739,78708800,715
2020-12-16,42.692501,43.5625,42.244999,43.177502,42.954563,68795200,716
2020-12-17,43.912498,44.169998,43.397499,44.0625,43.834991,69637600,717
2020-12-18,44.389999,44.477501,42.6325,43.5825,43.357471,84378000,718
2020-12-21,42.392502,43.654999,41.169998,43.419998,43.195808,101798400,719
2020-12-22,43.825001,44.177502,42.544998,43.762501,43.536541,80165200,720
2020-12-23,43.759998,43.939999,43.044998,43.102501,42.879948,59717200,721
2020-12-24,43.227501,43.860001,43.18,43.662498,43.437054,38532800,722
2020-12-28,44.790001,45.189999,44.0075,44.9725,44.740292,58526400,723
2020-12-29,45.587502,45.849998,44.702499,45.105,44.872108,60571200,724
2020-12-30,45.612499,45.75,44.817501,45.0975,44.864647,52403600,725
2020-12-31,45.067501,45.619999,44.5825,45.450001,45.215328,53354000,726
2021-01-04,46.02,46.0975,41.7075,43.462502,43.238091,98736000,727
2021-01-05,43.07,44.639999,43.07,44.552502,44.322464,59356400,728
2021-01-06,42.474998,44.584999,42.055,42.709999,42.489475,105365200,729
2021-01-07,43.842499,46.162498,43.837502,45.794998,45.558544,61847600,730
2021-01-08,46.827499,47.720001,45.849998,47.57,47.324383,76407600,731
2021-01-11,46.202499,46.735001,45.202499,45.467499,45.232735,70162800,732
2021-01-12,45.529999,46.002499,44.099998,45.27,45.036259,73015600,733
2021-01-13,45.392502,46.547501,45.125,46.150002,45.911716,54375200,734
2021-01-14,46.375,46.834999,45.240002,45.447498,45.212837,59118000,735
2021-01-15,45.352501,45.782501,43.77,44.342499,44.113544,70846000,736
2021-01-19,45.362499,46.517502,44.900002,46.264999,46.026119,60483600,737
2021-01-20,47.927502,49.942501,47.764999,49.490002,49.23447,60868000,738
2021-01-21,50.125,51.07,49.5,50.720001,50.458118,46084200,739
2021-01-22,50.205002,50.759998,49.939999,50.259998,50.000492,40939400,740
2021-01-25,51.880001,52.535,48.400002,51.654999,51.388287,76585200,741
2021-01-26,51.860001,52.290001,51.09,51.709999,51.443005,45484400,742
2021-01-27,50.630001,50.650002,46.5,47.540001,47.294537,94450400,743
2021-01-28,47.945,50.5,47.674999,48.240002,47.990925,45010800,744
2021-01-29,47.450001,47.959999,44.375,45.235001,45.001438,92139200,745
2021-02-01,46.775002,49.014999,45.869999,48.560001,48.309273,52829800,746
2021-02-02,49.945,51.48,49.880001,50.91,50.647137,46373200,747
2021-02-03,51.965,52.115002,50.325001,50.325001,50.065159,47586000,748
2021-02-04,51.02,52.150002,50.375,52.105,51.835964,36404400,749
2021-02-05,52.599998,53.145,51.785,52.650002,52.378155,43307600,750
2021-02-08,53.48,53.775002,52.674999,53.68,53.402832,38497400,751
2021-02-09,53.240002,54.285,53.240002,53.654999,53.37796,32884400,752
2021-02-10,54.389999,54.599998,51.73,53.275002,52.999928,61774000,753
2021-02-11,54.080002,54.369999,52.98,54.134998,53.855484,49430000,754
2021-02-12,53.790001,55.150002,53.220001,55.055,54.770733,38735800,755
2021-02-16,55.48,55.93,54.040001,54.595001,54.31311,44331800,756
2021-02-17,53.115002,53.970001,52.005001,53.834999,53.557034,52993400,757
2021-02-18,52.029999,53.48,51.139999,53.110001,52.835777,55101000,758
2021-02-19,53.82,53.84,51.93,52.41,52.139389,46688600,759
2021-02-22,50.27,50.900002,48.25,48.349998,48.100353,66367400,760
2021-02-23,45.889999,48.68,43.209999,47.919998,47.672573,99637400,761
2021-02-24,46.619999,49.235001,45.450001,49.075001,48.821609,61521000,762
2021-02-25,47.810001,49.035,43.224998,43.950001,43.723072,118896000,763
2021-02-26,45.195,46.580002,43.125,44.610001,44.379665,104659200,764
2021-03-01,46.68,48.654999,46.095001,48.5,48.24958,66853600,765
2021-03-02,48.77,48.845001,46.049999,46.174999,45.936584,75846600,766
2021-03-03,45.685001,46.099998,42.125,42.169998,41.952263,115771200,767
2021-03-04,41.985001,43.32,38.439999,40.084999,39.878029,216018600,768
2021-03-05,41.145,42.235001,37.514999,41.880001,41.663761,168328200,769
2021-03-08,41.639999,42.424999,38.134998,38.299999,38.102245,117865800,770
2021-03-09,41.235001,43.575001,40.965,42.810001,42.588959,86714600,771
2021-03-10,44.630001,44.75,42.154999,42.445,42.225842,101685600,772
2021-03-11,44.509998,46.130001,44.07,45.389999,45.155636,79467800,773
2021-03-12,43.584999,44.334999,42.535,44.259998,44.031471,83295000,774
2021-03-15,44.404999,45.755001,43.689999,45.674999,45.439163,63350800,775
2021-03-16,46.669998,47.994999,45.799999,46.424999,46.185291,84385200,776
2021-03-17,45.060001,47.865002,44.305,47.009998,46.767269,98185400,777
2021-03-18,44.805,45.25,42.474998,42.695,42.474552,114126800,778
2021-03-19,42.625,43.775002,41.700001,43.240002,43.016739,96643200,779
2021-03-22,44.145,46.435001,44.145,45.544998,45.309834,70550600,780
2021-03-23,46.025002,46.615002,44.584999,44.950001,44.717911,93890400,781
2021-03-24,45.544998,45.560001,42.625,42.68,42.459629,95241800,782
2021-03-25,41.91,43.09,40.825001,42.450001,42.23082,119937200,783
2021-03-26,42.360001,44.485001,41.764999,44.325001,44.096138,107530200,784
2021-03-29,44.119999,44.77,42.860001,44.299999,44.071266,95294600,785
2021-03-30,43.474998,43.895,42.48,43.669998,43.444515,74174800,786
2021-03-31,44.395,46.299999,44.255001,45.630001,45.394398,80984400,787
2021-04-01,47.32,48.014999,47.209999,47.950001,47.702419,72543600,788
2021-04-05,49.105,51.189999,48.985001,50.830002,50.567551,65269800,789
2021-04-06,50.68,51.639999,50.355,50.709999,50.448166,60303400,790
2021-04-07,50.514999,51.490002,50.049999,51.084999,50.821232,49493600,791
2021-04-08,52.459999,52.77,52.049999,52.68,52.407997,56809600,792
2021-04-09,52.009998,53.73,51.66,53.634998,53.358063,64719200,793
2021-04-12,53.150002,53.619999,52.490002,53.424999,53.149151,54816000,794
2021-04-13,54.189999,55.5,54.060001,55.255001,54.969704,57511000,795
2021-04-14,55.395,55.465,52.880001,53.314999,53.039715,80613800,796
2021-04-15,54.685001,55.884998,54.619999,55.669998,55.382557,60399000,797
2021-04-16,55.955002,55.994999,54.950001,55.904999,55.616344,58744000,798
2021-04-19,55.075001,55.685001,53.375,54.380001,54.09922,79584000,799
2021-04-20,54.025002,54.66,52.195,53.189999,52.915363,79141800,800
2021-04-21,52.5,54.615002,52.009998,54.535,54.253418,55528600,801
2021-04-22,54.334999,54.814999,51.970001,52.549999,52.278667,87424200,802
2021-04-23,52.860001,55.16,52.860001,54.529999,54.248444,53843000,803
2021-04-26,54.654999,55.735001,54.275002,55.610001,55.322868,49988400,804
2021-04-27,55.735001,55.834999,54.384998,54.880001,54.596638,59656400,805
2021-04-28,54.695,55.200001,53.985001,54.314999,54.034554,59475000,806
2021-04-29,55.93,56.115002,53.290001,54.860001,54.57674,74062200,807
2021-04-30,53.645,54.900002,53.345001,53.830002,53.552059,59220200,808
2021-05-03,54.380001,54.744999,52.715,52.950001,52.676605,67111000,809
2021-05-04,51.724998,51.845001,48.224998,50.16,49.901009,105617000,810
2021-05-05,51.02,51.424999,49.200001,49.575001,49.319031,68214600,811
2021-05-06,49.435001,50.740002,48.395,50.66,50.398426,84831600,812
2021-05-07,51.985001,53.040001,51.384998,51.900002,51.632027,79353400,813
2021-05-10,51.244999,51.330002,47.880001,48,47.752159,92107400,814
2021-05-11,45.294998,48.119999,45,47.759998,47.513397,114403400,815
2021-05-12,45.509998,46.575001,43.66,44.125,43.897167,118079000,816
2021-05-13,45.299999,46.334999,44.035,45.055,44.822369,104301000,817
2021-05-14,46.439999,48.445,46.209999,47.985001,47.73724,72131600,818
2021-05-17,47.255001,47.580002,45.865002,47.174999,46.931419,69271200,819
2021-05-18,47.605,48.139999,46.095001,46.185001,45.946533,65842000,820
2021-05-19,43.825001,46.494999,43.665001,46.355,46.115654,95944800,821
2021-05-20,47.035,49.43,46.915001,49.035,48.781818,69613200,822
2021-05-21,49.77,49.965,48.055,48.224998,47.975998,64066600,823
2021-05-24,49.275002,51.169998,49.110001,50.639999,50.378529,46090800,824
2021-05-25,51.375,51.720001,50.314999,50.884998,50.622265,53364400,825
2021-05-26,51.18,51.619999,50.860001,51.400002,51.134605,39017400,826
2021-05-27,51.185001,51.580002,50.720001,50.799999,50.537704,41608400,827
2021-05-28,51.389999,52.049999,51.150002,51.294998,51.030148,40928600,828
2021-06-01,51.924999,52.150002,50.145,50.794998,50.532726,51931800,829
2021-06-02,50.974998,51.485001,50.264999,51.060001,50.796364,41589400,830
2021-06-03,49.744999,50.334999,48.689999,49.455002,49.19965,60516000,831
2021-06-04,50.314999,52.195,50.264999,51.990002,51.721561,45587600,832
2021-06-07,51.715,52.485001,51.404999,52.450001,52.179184,31096600,833
2021-06-08,53.290001,53.709999,51.715,52.509998,52.238873,46472200,834
2021-06-09,53.18,53.560001,52.465,52.57,52.298565,38901800,835
2021-06-10,52.715,54.25,52.5,54.18,53.900253,58603400,836
2021-06-11,54.209999,54.619999,53.880001,54.610001,54.328033,34169400,837
2021-06-14,54.82,56.185001,54.25,56.139999,55.850132,45411600,838
2021-06-15,56.009998,56.169998,54.73,55.099998,54.815498,45054000,839
2021-06-16,55.310001,55.834999,52.759998,54.509998,54.228546,78889000,840
2021-06-17,53.98,57.040001,53.965,56.544998,56.25304,72161800,841
2021-06-18,55.705002,56.290001,54.84,55.195,54.910011,71447200,842
2021-06-21,55.314999,56.400002,54.195,56.205002,55.914799,53854200,843
2021-06-22,56.154999,58.025002,55.985001,57.775002,57.476692,51789400,844
2021-06-23,57.785,58.48,57.465,57.875,57.576172,46998400,845
2021-06-24,58.869999,59.744999,58.595001,58.939999,58.635674,46836200,846
2021-06-25,59.244999,59.375,58.424999,58.755001,58.45163,43496600,847
2021-06-28,59.384998,60.939999,59.369999,60.834999,60.520889,44393800,848
2021-06-29,60.779999,61.540001,60.334999,61.52,61.202354,37280000,849
2021-06-30,61.445,61.650002,60.924999,61.25,60.933746,40273400,850
2021-07-01,61.040001,61.57,60.325001,61.279999,60.963593,41917400,851
2021-07-02,62.32,63.575001,62.189999,63.360001,63.032852,46751000,852
2021-07-06,63.724998,64.379997,62.25,64.209999,63.878464,54799800,853
2021-07-07,65.449997,65.610001,63.549999,64.620003,64.286346,57637800,854
2021-07-08,61.845001,63.93,61.119999,63.5,63.172131,76262200,855
2021-07-09,63.139999,64.900002,62.814999,64.574997,64.241577,46437800,856
2021-07-12,65.400002,65.644997,64.529999,65.385002,65.047401,43563000,857
2021-07-13,65.190002,67.035004,64.904999,65.349998,65.012573,59725000,858
2021-07-14,66.68,67.040001,65.275002,65.705002,65.365746,68021400,859
2021-07-15,65.705002,65.790001,63.23,64.345001,64.012772,68596400,860
2021-07-16,64.830002,65.355003,62.584999,62.764999,62.440926,63701400,861
2021-07-19,60.904999,61.5,59.834999,61.259998,60.943695,101143200,862
2021-07-20,61.720001,64.150002,60.775002,63.279999,62.953266,60772400,863
2021-07-21,63.154999,64.794998,63,64.724998,64.3908,40881600,864
2021-07-22,64.925003,66.099998,64.919998,66.084999,65.743782,47478800,865
2021-07-23,66.849998,68.555,66.144997,68.279999,67.927444,51949200,866
2021-07-26,68.010002,68.785004,67.519997,68.565002,68.210983,42988800,867
2021-07-27,68.415001,68.415001,63.915001,66.324997,65.982544,89391000,868
2021-07-28,66.93,67.93,65.635002,67.050003,66.703804,71970200,869
2021-07-29,66.739998,68.059998,66.735001,67.379997,67.032097,44319200,870
2021-07-30,65.175003,66.675003,65.135002,66.370003,66.027313,56559400,871
2021-08-02,67.269997,67.595001,66.010002,66.349998,66.007416,54560000,872
2021-08-03,66.720001,67.599998,64.925003,67.504997,67.156448,63417800,873
2021-08-04,67.544998,68.379997,66.900002,67.839996,67.489716,48428400,874
2021-08-05,68.279999,69.239998,67.900002,69.114998,68.758133,38670200,875
2021-08-06,68.394997,68.964996,67.580002,68.214996,67.862778,43153000,876
2021-08-09,68.455002,68.889999,67.839996,68.580002,68.225899,34210800,877
2021-08-10,68.885002,69.055,66.860001,67.555,67.206192,53081200,878
2021-08-11,68.25,68.525002,66.419998,67.190002,66.843079,46594000,879
2021-08-12,66.904999,68.099998,66.120003,67.889999,67.539459,39745400,880
2021-08-13,68.089996,68.805,67.815002,68.57,68.21595,36644800,881
2021-08-16,67.970001,68.714996,65.75,68.690002,68.335335,61229200,882
2021-08-17,67.105003,67.675003,65.485001,66.885002,66.539658,83197600,883
2021-08-18,66.550003,67.360001,64.754997,64.940002,64.604698,65042400,884
2021-08-19,63.869999,66.800003,63.724998,65.864998,65.524918,81623800,885
2021-08-20,66.474998,68.135002,66.290001,67.900002,67.549416,62541200,886
2021-08-23,68.514999,71.349998,68.5,70.925003,70.558792,48266200,887
2021-08-24,71.305,71.970001,71.035004,71.625,71.25518,36343400,888
2021-08-25,71.745003,72.199997,71.315002,71.705002,71.33477,38063600,889
2021-08-26,71.334999,71.754997,70.220001,70.489998,70.126038,53502400,890
2021-08-27,70.845001,72.800003,70.57,72.550003,72.175407,46160000,891
2021-08-30,73,75.260002,72.974998,74.955002,74.567986,45635200,892
2021-08-31,75.110001,75.150002,73.845001,74.745003,74.35907,45898000,893
2021-09-01,75.415001,76.410004,75.035004,75.154999,74.766953,47784000,894
2021-09-02,75.974998,76.169998,74.300003,75.050003,74.662498,47519200,895
2021-09-03,74.349998,75.970001,74.330002,75.724998,75.334007,46600600,896
2021-09-07,75.775002,76.440002,75.080002,76.035004,75.64241,45185400,897
2021-09-08,75.904999,75.925003,73.855003,75.254997,74.866432,63423000,898
2021-09-09,75.364998,76.050003,74.294998,74.449997,74.06559,55286800,899
2021-09-10,75.5,75.925003,72.555,72.775002,72.399239,69217800,900
2021-09-13,74.144997,74.389999,71.379997,72.610001,72.235092,77774600,901
2021-09-14,73.474998,73.93,71.410004,71.985001,71.613319,59629200,902
2021-09-15,72.245003,73.779999,70.879997,73.580002,73.200089,55892600,903
2021-09-16,72.775002,74.065002,71.620003,73.724998,73.34433,52615400,904
2021-09-17,73.449997,73.464996,70.480003,71.120003,70.752785,77325200,905
2021-09-20,67.709999,68.730003,64,66.745003,66.400375,121913600,906
2021-09-21,67.690002,68.375,66.294998,66.830002,66.48494,71700600,907
2021-09-22,67.43,69.614998,66.805,68.785004,68.429848,87669400,908
2021-09-23,69.455002,71.285004,69.084999,70.695,70.329979,69369600,909
2021-09-24,69.360001,71.125,69.150002,70.894997,70.528946,54775200,910
2021-09-27,69.105003,69.699997,67.699997,69.184998,68.827774,78355400,911
2021-09-28,66.57,66.945,63.035,63.415001,63.08757,148823000,912
2021-09-29,63.98,65.144997,62.650002,62.994999,62.669735,97530600,913
2021-09-30,63.889999,64.769997,62.040001,62.285,61.963402,117312000,914
2021-10-01,62.625,64.004997,60.419998,63.419998,63.092541,104354000,915
2021-10-04,62.549999,62.744999,58.235001,59.52,59.212681,128618000,916
2021-10-05,59.985001,63,59.860001,61.810001,61.490856,81306400,917
2021-10-06,60.130001,63.16,59.630001,63.029999,62.704556,117495400,918
2021-10-07,64.660004,66.169998,64.364998,64.735001,64.400757,75407600,919
2021-10-08,65.334999,65.459999,63.485001,63.740002,63.410892,78566000,920
2021-10-11,62.93,64.845001,62.27,62.325001,62.003197,68107600,921
2021-10-12,63.084999,63.310001,61.305,61.689999,61.371475,87201800,922
2021-10-13,62.889999,63.474998,61.799999,63.134998,62.809013,70460600,923
2021-10-14,65.055,66.724998,64.699997,66.620003,66.276024,60875000,924
2021-10-15,67.300003,67.925003,66.709999,67.855003,67.504646,51429000,925
2021-10-18,67.125,70.010002,66.790001,69.889999,69.529137,50438200,926
2021-10-19,70.519997,71.514999,70.139999,71.425003,71.056213,53225400,927
2021-10-20,71.745003,72.110001,70.339996,71.199997,70.832367,59354800,928
2021-10-21,70.720001,72.605003,70.565002,72.474998,72.100784,46050200,929
2021-10-22,71.735001,72.330002,69.68,70.639999,70.275261,70124200,930
2021-10-25,71.495003,73.364998,70.360001,72.760002,72.384323,59475800,931
2021-10-26,74.160004,75.599998,72.824997,73.440002,73.060806,83987800,932
2021-10-27,73.779999,75.860001,73.629997,74.019997,73.63781,72534000,933
2021-10-28,75.154999,76.625,74.699997,76.449997,76.05526,65368800,934
2021-10-29,74.595001,77.699997,74.389999,77.580002,77.179436,67257200,935
2021-11-01,77.900002,78.464996,76.589996,78.345001,77.940483,65022800,936
2021-11-02,78.014999,79.684998,77.980003,79.389999,78.980087,60085600,937
2021-11-03,79.669998,82.160004,79.035004,81.910004,81.487076,72605200,938
2021-11-04,82.714996,85.675003,82.364998,84.964996,84.526299,80439800,939
2021-11-05,86.230003,86.830002,84.364998,85.279999,84.839668,85252800,940
2021-11-08,85.25,85.949997,84.529999,84.93,84.491478,56459800,941
2021-11-09,85.625,85.894997,82.285004,83.18,82.750519,88118800,942
2021-11-10,81.360001,83.199997,78.25,79.535004,79.124336,96976800,943
2021-11-11,81.375,81.495003,79.949997,80.18,79.766006,57719000,944
2021-11-12,80.904999,83.035004,79.875,82.724998,82.297867,63820400,945
2021-11-15,83.455002,83.654999,81.044998,82.699997,82.272987,69729200,946
2021-11-16,82.144997,84.705002,82.029999,84.410004,83.974167,51590800,947
2021-11-17,84.605003,85.845001,83.894997,84.510002,84.073654,57968000,948
2021-11-18,85.839996,87.449997,84.385002,87.095001,86.645302,86841600,949
2021-11-19,88.214996,89.434998,87.660004,88.57,88.112686,64607200,950
2021-11-22,89.644997,91.68,85.43,85.5,85.05854,89522400,951
2021-11-23,84.724998,86.084999,81.394997,84.334999,83.899551,113012800,952
2021-11-24,82.654999,85.279999,81.165001,85.114998,84.675522,99120800,953
2021-11-26,83.389999,84.32,79.360001,80.419998,80.004768,88841200,954
2021-11-29,83.099998,86.080002,82.665001,85.415001,84.973976,79466000,955
2021-11-30,84.839996,86.394997,80.355003,81.745003,81.322929,151293000,956
2021-12-01,84.43,85.809998,77.235001,77.550003,77.14959,151275600,957
2021-12-02,76.709999,80.260002,75.824997,79.010002,78.602051,198216400,958
2021-12-03,80,80.639999,72.464996,75.040001,74.65255,240286800,959
2021-12-06,75.294998,77.639999,72.764999,76.794998,76.398483,152414000,960
2021-12-07,80.885002,84.139999,80.870003,83.720001,83.287727,135289200,961
2021-12-08,83.945,85,82.735001,84.885002,84.446716,102621800,962
2021-12-09,84.074997,85.254997,81,81.220001,80.800636,106401000,963
2021-12-10,82.885002,83.915001,80.889999,83.735001,83.30265,101537600,964
2021-12-13,83.735001,83.945,79.889999,80.135002,79.721237,89572600,965
2021-12-14,77.059998,78.779999,74.915001,77.75,77.348549,115466800,966
2021-12-15,77.480003,83.135002,75.014999,82.894997,82.466988,134530600,967
2021-12-16,83.504997,83.809998,75.474998,76.57,76.174644,148110000,968
2021-12-17,74.415001,77.894997,73.5,75.400002,75.010689,150010400,969
2021-12-20,72.510002,73.625,71.25,73.144997,72.767326,120933000,970
2021-12-21,75.080002,78.224998,72.855003,78.035004,77.632088,109562400,971
2021-12-22,77.790001,81,77.410004,80.82,80.402702,88611400,972
2021-12-23,81.084999,83.644997,80.985001,82.739998,82.312782,65654200,973
2021-12-27,83.544998,86.764999,83.5,86.695,86.247368,62981600,974
2021-12-28,87.379997,87.489998,85.014999,85.675003,85.232635,72412600,975
2021-12-29,85.654999,86.495003,83.974998,85.540001,85.098328,57747400,976
2021-12-30,85.385002,86.830002,84.385002,84.739998,84.30246,56635800,977
2021-12-31,84.315002,85.199997,82.855003,83.165001,82.735596,60248600,978
2022-01-03,83.915001,85.720001,82.559998,85.565002,85.123207,76505200,979
2022-01-04,85.915001,85.945,80.195,82.239998,81.815369,106648200,980
2022-01-05,81.190002,81.860001,74.5,74.675003,74.289436,133245200,981
2022-01-06,73.514999,76.404999,72.209999,74.470001,74.085487,154226600,982
2022-01-07,74.449997,75.470001,71,72.035004,71.663063,142713400,983
2022-01-10,69.175003,72.470001,66.050003,72.300003,71.926697,179217400,984
2022-01-11,71.714996,75.514999,70.519997,75.480003,75.090279,154326800,985
2022-01-12,76.985001,77.964996,74.940002,76.339996,75.945831,138371200,986
2022-01-13,77.129997,77.550003,70.019997,70.800003,70.434441,86765900,987
2022-01-14,69.089996,72.07,69,71.870003,71.498917,89225800,988
2022-01-18,68.489998,69.720001,66.059998,66.690002,66.345657,77660000,989
2022-01-19,67.360001,68.709999,64.160004,64.370003,64.037643,91642200,990
2022-01-20,66.019997,68.18,61.5,61.880001,61.560493,86098500,991
2022-01-21,60.619999,62.029999,56.5,56.669998,56.377392,171027300,992
2022-01-24,53.849998,57.75,48.169998,57.490002,57.193161,255084600,993
2022-01-25,54.150002,56.310001,51.75,53.25,52.975052,173749000,994
2022-01-26,56.990002,58.849998,51.369999,53.150002,52.875572,207838100,995
2022-01-27,55.400002,56.240002,51.040001,51.560001,51.293781,161764100,996
2022-01-28,52.400002,56.459999,50.099998,56.369999,56.078941,167016200,997
2022-01-31,57.049999,62.060001,56.220001,61.830002,61.510754,113751100,998
2022-02-01,62.419998,63.349998,59.73,63.009998,62.684658,101845800,999
2022-02-02,65.220001,65.370003,62.349998,64.5,64.166969,100815200,1000
2022-02-03,59.32,61.07,56.119999,56.740002,56.447037,105575000,1001
2022-02-04,56.869999,60.41,55.889999,58.700001,58.396915,96534400,1002
2022-02-07,59.07,60.27,56.720001,57.369999,57.07378,76956100,1003
2022-02-08,56.799999,59.830002,56.23,59.32,59.013714,79296600,1004
2022-02-09,61.560001,63.080002,60.759998,63,62.674713,75537700,1005
2022-02-10,59.310001,62.91,57.799999,58.82,58.516293,127143300,1006
2022-02-11,58.779999,59.549999,52.560001,53.279999,53.004898,134255600,1007
2022-02-14,52.900002,54.970001,51.700001,53.43,53.154125,95062500,1008
2022-02-15,55.830002,57.439999,55.349998,57.299999,57.004143,81722300,1009
2022-02-16,56.27,57.799999,54.700001,57.290001,56.994194,93090500,1010
2022-02-17,55.639999,56.049999,51.970001,52.209999,51.940422,78835600,1011
2022-02-18,52.59,52.790001,49.310001,50.439999,50.179562,113082700,1012
2022-02-22,49.040001,51.5,47.209999,48.880001,48.627617,131438100,1013
2022-02-23,50.240002,50.630001,44.970001,45.139999,44.906929,130460200,1014
2022-02-24,40.759998,49.849998,40.610001,49.560001,49.304108,194867400,1015
2022-02-25,50,52.009998,48.25,51.91,51.641972,119186100,1016
2022-02-28,50.459999,53.189999,49.919998,52.459999,52.189133,121700500,1017
2022-03-01,51.919998,52.970001,48.849998,50.040001,49.781628,124072500,1018
2022-03-02,50.669998,53.049999,49.419998,52.43,52.159286,109747900,1019
2022-03-03,53.75,53.779999,49.369999,50.240002,49.980598,111944300,1020
2022-03-04,49.169998,49.799999,47,48.09,47.841698,115695500,1021
2022-03-07,48.049999,48.540001,42.630001,42.720001,42.499424,124876300,1022
2022-03-08,42.389999,46,40.77,42.130001,41.912472,177968000,1023
2022-03-09,45.400002,47.200001,44.349998,46.639999,46.399181,109537100,1024
2022-03-10,44.900002,45.619999,43.189999,45.139999,44.906929,112787400,1025
2022-03-11,46.34,46.470001,42.09,42.34,42.121384,98907400,1026
2022-03-14,41.810001,43.130001,39.560001,39.860001,39.65419,123132600,1027
2022-03-15,40.869999,43.889999,40.240002,43.549999,43.325138,105703600,1028
2022-03-16,45.16,48.48,43.689999,48.439999,48.189888,163087500,1029
2022-03-17,47.59,50.189999,47.040001,50.060001,49.801525,96030800,1030
2022-03-18,49.459999,53.41,48.93,53.169998,52.895466,100784800,1031
2022-03-21,52.860001,53.93,50.77,52.790001,52.517429,110547300,1032
2022-03-22,53.07,56.34,52.869999,55.91,55.621319,93344600,1033
2022-03-23,54.560001,56.27,53.5,53.549999,53.273502,102749700,1034
2022-03-24,54.43,57.09,53.41,57.02,56.72559,85575300,1035
2022-03-25,57.040001,57.560001,54.849998,56.93,56.636051,99394700,1036
2022-03-28,56.919998,59.610001,56.330002,59.52,59.212681,91703700,1037
2022-03-29,61.52,62.959999,60.139999,62.57,62.246933,102006700,1038
2022-03-30,61.68,62.540001,59.799999,60.689999,60.376637,83909400,1039
2022-03-31,60.639999,60.830002,57.900002,58.18,57.879601,84049400,1040
2022-04-01,58.43,58.82,56.400002,57.93,57.63089,88081300,1041
2022-04-04,58.380001,61.549999,58.23,61.549999,61.232197,68757500,1042
2022-04-05,60.82,61.16,56.860001,57.48,57.183212,86048800,1043
2022-04-06,54.82,55.369999,52.400002,53.700001,53.422729,148429900,1044
2022-04-07,53.23,55.09,51.580002,54.049999,53.770924,114827000,1045
2022-04-08,53.220001,53.59,51.5,51.84,51.572334,102091200,1046
2022-04-11,49.830002,50.27,47.950001,48.16,47.911335,92957300,1047
2022-04-12,50.16,50.98,46.889999,47.540001,47.294537,123964100,1048
2022-04-13,47.66,50.84,47.330002,50.389999,50.129822,95042300,1049
2022-04-14,50.419998,50.650002,46.830002,47,46.757324,83921800,1050
2022-04-18,46.470001,48.009998,45.82,47.130001,46.886654,87762700,1051
2022-04-19,46.73,50.419998,46.310001,50.16,49.901009,86186300,1052
2022-04-20,50.57,50.740002,47.439999,47.900002,47.652679,107814700,1053
2022-04-21,49.639999,50.77,44.59,45.09,44.857185,134313200,1054
2022-04-22,45.049999,45.57,41.279999,41.509998,41.29567,124412400,1055
2022-04-25,40.810001,43.16,40.310001,43.049999,42.827717,166439400,1056
2022-04-26,42.220001,42.290001,38.099998,38.209999,38.012711,166131600,1057
2022-04-27,38.169998,40.220001,37.369999,38.040001,37.84359,158349300,1058
2022-04-28,39.830002,42.73,38.279999,42.060001,41.842831,172349200,1059
2022-04-29,40.389999,41.77,36.200001,36.529999,36.341385,160058400,1060
2022-05-02,36.25,38.279999,35.130001,38.25,38.052502,155952800,1061
2022-05-03,38.189999,39.169998,37.299999,38.34,38.14204,142782800,1062
2022-05-04,38.490002,42.450001,36.529999,42.139999,41.922417,219403400,1063
2022-05-05,40.5,40.509998,34.52,35.860001,35.674843,227776300,1064
2022-05-06,35.09,36.529999,33.099998,34.610001,34.431297,233397200,1065
2022-05-09,32.560001,33.419998,30.01,30.52,30.362415,210209900,1066
2022-05-10,32.720001,33.080002,30.280001,31.57,31.406994,231789800,1067
2022-05-11,30.85,32.599998,28.469999,28.76,28.611504,264765900,1068
2022-05-12,27.43,29.889999,26.690001,28.530001,28.382692,295496500,1069
2022-05-13,29.85,32,29.379999,31.629999,31.466684,197974000,1070
2022-05-16,31.129999,31.780001,30.18,30.65,30.491745,159194000,1071
2022-05-17,32.43,33.080002,31.24,32.959999,32.789818,153990700,1072
2022-05-18,31.459999,31.690001,27.690001,28.15,28.004652,164052600,1073
2022-05-19,27.540001,29.02,27.040001,27.58,27.437595,196007800,1074
2022-05-20,28.65,28.84,24.93,27.34,27.198835,229055600,1075
2022-05-23,27.65,28.83,26.959999,28.690001,28.541864,170520300,1076
2022-05-24,27.15,27.360001,25.43,26.9,26.761106,183244300,1077
2022-05-25,26.440001,28.6,26.389999,27.98,27.835529,180641900,1078
2022-05-26,27.76,30.780001,27.68,30.32,30.163448,168565800,1079
2022-05-27,31.299999,33.34,31.27,33.290001,33.118114,157517900,1080
2022-05-31,33.299999,34,31.73,33.049999,32.879353,184579300,1081
2022-06-01,33.709999,34.43,31.549999,32.279999,32.113327,199447100,1082
2022-06-02,31.92,34.98,31.450001,34.900002,34.719803,168430700,1083
2022-06-03,33.139999,33.630001,31.76,32.139999,31.974051,162361900,1084
2022-06-06,33.619999,34.130001,32,32.540001,32.371986,150479300,1085
2022-06-07,31.42,33.599998,31.049999,33.330002,33.157909,137443300,1086
2022-06-08,33.080002,33.939999,32.330002,32.650002,32.481419,112853000,1087
2022-06-09,32.07,33.060001,29.93,29.99,29.835152,137979700,1088
2022-06-10,28.26,28.620001,26.67,26.790001,26.651676,171676100,1089
2022-06-13,24.27,24.98,22.82,23.08,22.960831,213365700,1090
2022-06-14,23.639999,23.870001,22.52,23.23,23.110056,196600500,1091
2022-06-15,24.059999,25.92,23.34,24.9,24.771433,274911500,1092
2022-06-16,22.99,23.120001,21.32,21.860001,21.747131,212142200,1093
2022-06-17,22.07,23.280001,21.65,22.67,22.552948,220590500,1094
2022-06-21,23.82,24.98,23.780001,24.379999,24.254118,159204100,1095
2022-06-22,23.709999,25.450001,23.549999,24.290001,24.164583,194486800,1096
2022-06-23,24.940001,25.57,24.17,25.33,25.199213,182686400,1097
2022-06-24,26.110001,28.040001,26.049999,27.98,27.835529,151817500,1098
2022-06-27,28.35,28.5,27,27.32,27.178938,169131000,1099
2022-06-28,27.459999,28.209999,24.76,24.83,24.701796,186870800,1100
2022-06-29,24.780001,25.290001,24.1,24.879999,24.751535,190091100,1101
2022-06-30,24.059999,24.889999,22.75,24,23.87608,256203900,1102
2022-07-01,23.6,24.5,23.1,24.389999,24.264067,208600400,1103
2022-07-05,23.41,25.68,23,25.65,25.517561,220554000,1104
2022-07-06,25.77,26.719999,25.280001,26.139999,26.00503,206122900,1105
2022-07-07,26.379999,28,26.370001,27.76,27.616667,137866300,1106
2022-07-08,26.99,28.309999,26.709999,27.889999,27.745995,159729200,1107
2022-07-11,27.200001,27.27,25.860001,26.110001,25.975187,129224100,1108
2022-07-12,26.440001,26.98,24.91,25.35,25.21911,159616500,1109
2022-07-13,23.84,25.83,23.690001,25.190001,25.059937,180575500,1110
2022-07-14,24.469999,25.68,23.620001,25.450001,25.318594,175823500,1111
2022-07-15,26.27,26.85,25.809999,26.790001,26.651676,154380200,1112
2022-07-18,27.610001,28,25.82,26.17,26.034876,159950200,1113
2022-07-19,27.15,28.620001,26.690001,28.459999,28.313051,149321700,1114
2022-07-20,28.66,30.25,28.440001,29.889999,29.735668,188563100,1115
2022-07-21,30.01,31.18,29.219999,31.16,30.999111,159690900,1116
2022-07-22,30.879999,31.530001,28.950001,29.530001,29.377527,149400400,1117
2022-07-25,29.530001,29.67,28.41,29.09,28.9398,110448800,1118
2022-07-26,28.49,28.57,27.049999,27.33,27.188887,115877800,1119
2022-07-27,28.6,31.25,28.43,30.74,30.58128,170959500,1120
2022-07-28,30.68,31.82,29.52,31.620001,31.456738,162035900,1121
2022-07-29,32.130001,33.650002,31.67,33.360001,33.187752,146073200,1122
2022-08-01,32.779999,34.419998,32.439999,33.310001,33.138012,142641500,1123
2022-08-02,32.540001,34.349998,32.209999,33,32.829609,162687500,1124
2022-08-03,33.549999,35.950001,33.310001,35.639999,35.455978,147106900,1125
2022-08-04,35.689999,36.27,34.959999,36.150002,35.963348,126783600,1126
2022-08-05,34.43,35.98,34.150002,35.290001,35.107788,141949300,1127
2022-08-08,35.599998,36.830002,34.439999,34.93,34.749645,133893900,1128
2022-08-09,34.279999,34.369999,33.189999,33.73,33.55584,109203000,1129
2022-08-10,36.139999,36.639999,35.310001,36.5,36.311539,135777200,1130
2022-08-11,37.330002,38.02,35.669998,35.950001,35.764381,136680500,1131
2022-08-12,36.599998,38.049999,36.240002,37.98,37.783897,105593500,1132
2022-08-15,37.650002,39.080002,37.639999,38.889999,38.689198,98154200,1133
2022-08-16,38.560001,39.380001,37.529999,38.639999,38.440491,110377900,1134
2022-08-17,37.509998,38.330002,36.549999,37.299999,37.107407,131419200,1135
2022-08-18,37.259998,37.959999,36.689999,37.549999,37.356117,96070400,1136
2022-08-19,36.48,36.700001,35.07,35.349998,35.167477,112128300,1137
2022-08-22,33.889999,33.970001,32.259998,32.57,32.401829,112487700,1138
2022-08-23,32.43,33.349998,32.200001,32.459999,32.292397,109754900,1139
2022-08-24,32.299999,33.299999,32.099998,32.709999,32.541107,93502800,1140
2022-08-25,33.279999,34.439999,32.939999,34.43,34.252228,111026300,1141
2022-08-26,34.349998,34.740002,30.200001,30.24,30.08386,183138300,1142
2022-08-29,29.35,30.120001,28.959999,29.309999,29.158663,124220500,1143
2022-08-30,29.790001,29.950001,27.559999,28.33,28.183723,163507400,1144
2022-08-31,29.16,29.4,27.77,27.809999,27.666409,170515300,1145
2022-09-01,27.08,27.93,26.02,27.84,27.696253,198660200,1146
2022-09-02,28.639999,29.040001,26.17,26.68,26.542244,227231500,1147
2022-09-06,26.76,27.02,25.459999,26.07,25.935392,180541700,1148
2022-09-07,26.18,27.9,26.110001,27.610001,27.467442,165784800,1149
2022-09-08,27.030001,28.42,26.639999,28.059999,27.915117,205399900,1150
2022-09-09,28.68,30.02,28.66,29.84,29.685926,149367900,1151
2022-09-12,30.299999,31.030001,30.190001,30.93,30.7703,136570600,1152
2022-09-13,28.24,28.610001,25.559999,25.84,25.706581,195648300,1153
2022-09-14,26.129999,26.67,25.639999,26.42,26.283585,154645900,1154
2022-09-15,25.879999,26.549999,24.65,25.09,24.960453,196865300,1155
2022-09-16,24.209999,24.73,23.67,24.6,24.472982,196071800,1156
2022-09-19,23.940001,25.23,23.92,25.190001,25.059937,151346300,1157
2022-09-20,24.530001,25.190001,23.98,24.59,24.463034,161059300,1158
2022-09-21,24.809999,25.92,23.23,23.24,23.120005,295557600,1159
2022-09-22,22.85,23.110001,22.07,22.379999,22.264444,215542000,1160
2022-09-23,21.799999,21.860001,20.450001,21.309999,21.199968,280652000,1161
2022-09-26,21.16,22.209999,20.83,21.02,20.911469,245303900,1162
2022-09-27,21.82,22.35,20.5,21.040001,20.931364,271960600,1163
2022-09-28,21.030001,22.59,20.68,22.27,22.155014,256019500,1164
2022-09-29,21.309999,21.389999,19.620001,20.389999,20.284719,270097800,1165
2022-09-30,20.16,21.09,19.280001,19.32,19.220245,256598800,1166
2022-10-03,19.700001,21.01,19.360001,20.66,20.553326,223611300,1167
2022-10-04,21.9,22.77,21.889999,22.58,22.463413,231661800,1168
2022-10-05,21.67,23,21.01,22.58,22.463413,229199500,1169
2022-10-06,22.299999,23.059999,21.92,22.01,21.896357,237543600,1170
2022-10-07,20.879999,20.91,19.16,19.5,19.399315,250972600,1171
2022-10-10,19.52,19.610001,18.299999,18.889999,18.792465,206499800,1172
2022-10-11,18.52,19.139999,17.74,18.139999,18.046337,264873500,1173
2022-10-12,18.23,18.639999,17.93,18.1,18.006544,200741900,1174
2022-10-13,16.52,19.620001,16.32,19.309999,19.210297,414753600,1175
2022-10-14,19.85,19.98,17.459999,17.57,17.47928,335066300,1176
2022-10-17,18.809999,19.5,18.799999,19.299999,19.200348,230025400,1177
2022-10-18,20.870001,21,19.17,19.780001,19.67787,346276900,1178
2022-10-19,19.41,20.24,19.01,19.540001,19.43911,259851100,1179
2022-10-20,19.33,20.469999,18.959999,19.209999,19.110811,264851500,1180
2022-10-21,18.98,20.690001,18.73,20.57,20.463791,313729000,1181
2022-10-24,20.629999,21.469999,19.799999,21.27,21.160177,274622000,1182
2022-10-25,21.48,22.639999,21.469999,22.549999,22.433567,238399800,1183
2022-10-26,21.18,22.5,20.93,21.059999,20.95126,279465900,1184
2022-10-27,20.790001,21.120001,19.77,19.9,19.797249,256629400,1185
2022-10-28,19.75,21.809999,19.709999,21.700001,21.587957,255388600,1186
2022-10-31,21.18,21.370001,20.49,20.950001,20.841829,209561100,1187
2022-11-01,21.74,21.870001,20.209999,20.299999,20.195185,215232400,1188
2022-11-02,20.280001,20.98,18.18,18.200001,18.106028,331476300,1189
2022-11-03,17.65,17.950001,17.040001,17.15,17.061449,212231800,1190
2022-11-04,18.129999,18.35,16.85,17.950001,17.857319,382370200,1191
2022-11-07,18.16,18.639999,17.709999,18.52,18.424376,200943400,1192
2022-11-08,18.85,19.620001,18.09,18.92,18.822309,296056300,1193
2022-11-09,18.530001,18.700001,17.530001,17.6,17.509127,215569100,1194
2022-11-10,20.15,21.540001,19.700001,21.450001,21.339249,328442400,1195
2022-11-11,21.43,22.83,21.120001,22.67,22.552948,307134200,1196
2022-11-14,22.17,22.959999,21.82,22.07,21.956045,214225900,1197
2022-11-15,23.65,23.950001,22.18,22.959999,22.84145,318265700,1198
2022-11-16,22.5,22.58,21.82,22.030001,21.916252,191679400,1199
2022-11-17,20.950001,22.209999,20.91,21.860001,21.747131,213462200,1200
2022-11-18,22.559999,22.58,21.280001,21.84,21.727234,194788500,1201
2022-11-21,21.52,21.799999,20.969999,21.18,21.070641,144111300,1202
2022-11-22,21.33,22.1,20.83,22.07,21.956045,146238600,1203
2022-11-23,22.049999,22.870001,22.01,22.73,22.612637,178783500,1204
2022-11-25,22.34,22.5,22.15,22.26,22.145065,67376500,1205
2022-11-28,21.799999,22.27,21.059999,21.280001,21.170126,131382600,1206
2022-11-29,21.32,21.42,20.469999,20.77,20.662758,137902700,1207
2022-11-30,20.85,23.65,20.65,23.559999,23.438353,272734900,1208
2022-12-01,23.700001,24.17,23.01,23.690001,23.567682,205503600,1209
2022-12-02,22.450001,23.629999,22.389999,23.41,23.289127,181655000,1210
2022-12-05,22.879999,23.200001,21.860001,22.23,22.115219,150990000,1211
2022-12-06,22.18,22.209999,20.5,20.82,20.7125,169900500,1212
2022-12-07,20.559999,21.030001,20.18,20.57,20.463791,173667900,1213
2022-12-08,20.870001,21.5,20.389999,21.299999,21.190022,188920100,1214
2022-12-09,21.049999,21.690001,20.77,20.889999,20.782137,177003900,1215
2022-12-12,20.91,21.66,20.67,21.65,21.538214,112827500,1216
2022-12-13,24.18,24.23,21.719999,22.33,22.214703,347692800,1217
2022-12-14,22.209999,22.99,21.08,21.799999,21.687439,289455500,1218
2022-12-15,20.860001,21.030001,19.35,19.639999,19.538591,214026600,1219
2022-12-16,19.48,19.809999,18.709999,19.059999,18.961586,175642100,1220
2022-12-19,19.1,19.129999,17.98,18.27,18.175667,155266500,1221
2022-12-20,18,18.559999,17.67,18.190001,18.096081,172881200,1222
2022-12-21,18.41,19.25,18.23,18.98,18.882,163187300,1223
2022-12-22,18.23,18.25,16.58,17.540001,17.540001,230450200,1224
2022-12-23,17.209999,17.719999,16.83,17.59,17.59,165067300,1225
2022-12-27,17.459999,17.48,16.719999,16.84,16.84,131600300,1226
2022-12-28,16.75,17.200001,16.1,16.16,16.16,182434600,1227
2022-12-29,16.67,17.5,16.530001,17.299999,17.299999,153054900,1228
2022-12-30,16.76,17.299999,16.5,17.299999,17.299999,150368500,1229
2023-01-03,17.74,18.040001,16.469999,16.91,16.91,179925900,1230
2023-01-04,17.33,17.49,16.540001,17.17,17.17,217636400,1231
2023-01-05,16.809999,16.85,16.280001,16.360001,16.360001,181252000,1232
2023-01-06,16.65,17.9,16.1,17.639999,17.639999,232865800,1233
2023-01-09,18.08,18.959999,17.889999,18.01,18.01,186021400,1234
2023-01-10,17.82,18.49,17.700001,18.49,18.49,164361500,1235
2023-01-11,18.68,19.43,18.52,19.41,19.41,151275000,1236
2023-01-12,19.52,19.92,18.59,19.709999,19.709999,280926300,1237
2023-01-13,19.17,20.17,19.1,20.1,20.1,159365300,1238
2023-01-17,20.059999,20.51,19.809999,20.209999,20.209999,139757900,1239
2023-01-18,20.58,20.91,19.389999,19.459999,19.459999,186650100,1240
2023-01-19,19.07,19.309999,18.58,18.85,18.85,166370700,1241
2023-01-20,19.18,20.450001,18.959999,20.389999,20.389999,160623900,1242
2023-01-23,20.549999,22,20.379999,21.73,21.73,194042100,1243
2023-01-24,21.360001,21.870001,21.24,21.6,21.6,145006500,1244
2023-01-25,20.559999,21.59,19.98,21.440001,21.440001,218083600,1245
2023-01-26,22.219999,22.719999,21.6,22.68,22.68,203418900,1246
2023-01-27,22.360001,23.82,22.33,23.33,23.33,187945000,1247
2023-01-30,22.549999,22.9,21.85,21.93,21.93,173908000,1248
2023-01-31,21.940001,22.92,21.9,22.91,22.91,158256900,1249
2023-02-01,22.860001,24.950001,22.360001,24.389999,24.389999,271638800,1250
2023-02-02,25.959999,27.450001,25.75,26.91,26.91,267885100,1251
2023-02-03,25.209999,27.139999,25.110001,25.52,25.52,266763100,1252
2023-02-06,24.85,25.450001,24.52,24.870001,24.870001,161816200,1253
2023-02-07,24.83,26.690001,24.540001,26.41,26.41,259894600,1254
2023-02-08,26.049999,26.299999,24.809999,24.99,24.99,181257200,1255
2023-02-09,26.049999,26.09,23.93,24.32,24.32,197598400,1256
2023-02-10,23.76,24.26,23.219999,23.82,23.82,183562700,1257